DA,G,N,E,KT002001EH1R3,S,Ch,KR185001E,KR167001E,KR173001E,KR170001E,KR176001E,KR107001E,KR168001E,KR174001E,KR171001E,KR075001E,KR110001E,KR169001E,KR175001E,KR178001E,KR078001E,KR113001E,household_id,HR,Tip
64,2,2,3,2,5,2,4,2,63,1,2,4,2,64,1,7,4,2,71,1,7,4,1111000200,2,5
39,2,1,6,1,2,0,5,2,40,1,1,5,2,45,1,1,5,2,35,1,1,7,1111000200,2,5
34,1,1,5,1,1,1,8,1,32,1,1,6,1,27,1,1,3,1,31,1,1,6,1511000200,3,4
31,2,1,14,1,1,1,7,2,24,1,1,4,1,33,1,1,6,2,30,1,1,7,1511000200,3,4
29,1,1,9,2,2,1,4,1,29,1,1,6,1,30,1,15,5,2,24,1,1,5,1311000600,3,4
24,2,1,14,2,2,0,4,2,23,1,1,7,2,23,1,8,6,2,23,1,1,6,1311000600,3,4
78,2,1,3,3,4,3,3,2,78,1,1,5,1,81,1,7,3,2,67,1,1,3,1111001100,1,1
33,1,1,11,3,2,0,9,1,30,1,1,6,1,32,1,15,4,2,35,1,1,6,1311001200,3,5
53,2,2,14,2,2,2,5,2,50,1,2,7,2,54,1,2,3,1,48,1,1,7,1311001200,3,5
70,2,1,15,3,1,2,4,2,50,1,1,7,2,63,1,7,7,2,59,1,2,4,1111001400,2,3
40,2,1,14,1,1,2,5,2,40,1,1,7,2,42,1,1,7,2,39,1,1,5,1111002700,4,4
35,1,1,6,1,1,2,4,1,34,1,1,6,1,35,1,1,6,2,39,1,1,6,1111002700,4,4
73,2,1,2,3,5,5,20,1,67,1,2,4,2,44,1,1,7,2,75,2,7,2,1111002900,2,5
52,1,2,4,3,1,1,3,2,42,1,1,4,1,45,1,1,5,2,42,1,2,6,1111003200,3,4
43,2,1,4,2,1,1,4,2,42,1,1,4,1,45,1,1,5,2,42,1,1,6,1111003200,3,4
53,1,1,6,1,1,3,20,2,46,1,1,6,1,58,1,7,6,2,50,2,1,6,1111003500,3,4
59,1,1,6,2,2,0,3,1,60,1,1,5,2,51,1,1,7,1,60,1,15,4,1111003700,1,1
87,1,2,4,3,1,3,4,1,88,1,1,3,1,87,1,7,4,1,82,1,7,5,1111003900,2,3
85,2,1,5,3,1,3,5,2,81,1,1,4,1,88,1,7,4,2,82,1,7,4,1111003900,2,3
38,1,1,16,1,2,0,10,1,29,1,1,5,2,44,1,1,7,2,48,2,1,7,1111004200,1,1
82,1,2,4,3,1,3,6,1,80,1,2,2,1,80,1,1,2,1,42,1,1,6,1111004300,2,3
72,2,1,6,3,1,3,10,2,70,1,2,2,2,50,1,1,7,2,75,1,11,2,1111004300,2,3
94,2,1,3,3,5,2,3,2,70,1,1,2,2,83,1,7,3,2,87,1,7,2,1111004600,1,1
33,2,3,9,3,1,3,5,2,42,1,3,5,1,46,1,15,3,2,45,3,6,3,1111004900,5,4
54,2,1,15,1,1,0,5,2,60,1,1,7,2,55,1,1,7,2,52,3,1,5,1111006300,3,4
46,2,1,16,1,1,0,6,1,49,1,2,7,2,46,1,1,7,2,46,1,1,7,1111006900,2,3
34,1,1,12,1,2,0,5,1,33,1,1,7,1,33,1,1,7,1,30,1,1,6,1111007400,2,3
60,2,1,5,3,4,0,3,2,60,1,1,7,2,70,5,6,5,2,62,1,1,7,1111007900,1,1
66,2,1,7,3,1,1,3,1,65,1,1,6,2,62,1,1,7,2,69,1,7,7,1111008100,2,3
74,1,2,6,3,1,1,8,1,73,1,1,5,2,68,1,7,7,2,62,1,1,7,1111008100,2,3
44,2,3,14,1,2,0,5,2,61,1,2,4,2,42,1,1,4,1,41,1,1,5,1111008300,1,1
46,2,1,15,1,1,2,3,2,46,1,1,5,2,44,1,2,7,1,47,1,1,7,1111008800,4,4
70,2,1,15,3,4,2,5,2,71,1,1,7,1,69,1,1,7,2,67,1,7,7,1111009200,1,1
53,2,1,14,1,1,3,4,2,53,1,1,7,2,52,1,2,6,1,54,1,1,7,1111009300,4,4
33,1,1,8,1,2,0,12,1,33,1,1,7,1,33,1,15,7,1,33,1,1,7,1611009300,2,3
39,1,1,14,1,1,2,15,1,35,1,1,7,1,36,1,1,7,1,38,1,1,7,1411009400,4,4
54,2,1,15,1,1,2,7,1,55,1,1,7,1,62,1,1,5,2,54,1,1,6,1111009500,4,4
56,1,2,15,1,1,2,10,1,54,1,1,7,1,56,1,1,5,1,56,2,1,7,1111009500,4,4
21,2,1,13,3,2,0,3,2,21,1,1,5,2,21,1,8,5,2,20,1,8,5,1111009500,4,4
57,2,1,5,1,1,2,12,2,60,1,1,5,2,45,1,1,7,2,58,1,7,4,1111010200,3,4
63,2,1,14,1,1,1,5,2,61,1,2,4,1,60,1,7,6,1,50,1,1,7,1111010300,3,4
59,2,1,5,1,1,1,3,2,62,1,1,5,2,50,1,1,7,2,50,1,1,7,1111011100,2,3
34,2,1,16,2,2,0,5,2,38,1,1,7,1,36,1,1,7,2,28,2,15,7,1511011600,4,2
32,1,1,16,1,2,0,4,2,32,1,1,7,2,32,1,1,7,1,35,2,1,7,1511011600,4,2
28,2,2,15,2,2,0,10,2,28,1,2,7,2,27,1,1,7,2,32,3,1,7,1511011600,4,2
29,2,1,15,1,2,0,4,2,28,1,2,7,2,31,1,1,7,2,27,1,1,7,1511011600,4,2
33,2,1,16,1,1,1,6,2,35,3,1,7,2,33,1,1,7,2,33,1,1,7,1311011700,3,4
35,1,1,6,1,1,1,3,1,32,1,1,6,1,34,1,1,7,1,34,1,1,7,1311011700,3,4
65,1,1,6,3,1,1,4,1,64,1,1,4,1,64,1,1,4,2,60,2,7,5,1111012100,3,4
51,2,1,15,1,2,0,6,2,51,1,1,7,1,47,1,1,6,2,48,1,1,7,1111012300,1,1
46,2,1,16,1,2,0,6,2,45,1,1,7,2,45,1,1,7,1,49,1,1,7,1111012900,1,1
38,1,1,16,1,2,0,6,1,37,1,1,5,1,38,1,15,7,1,39,1,1,7,1211013400,2,3
35,2,1,15,1,2,0,5,2,34,1,1,7,2,34,1,1,7,2,35,1,1,7,1211013400,2,3
21,2,1,13,3,2,0,7,2,21,1,1,5,1,24,1,1,5,1,30,1,15,4,1111013700,4,4
20,1,1,12,1,2,0,30,2,20,1,1,6,1,19,1,8,5,1,22,1,15,5,1111013700,4,4
88,2,3,7,3,2,0,7,2,73,1,1,6,2,73,1,7,7,2,73,1,7,6,1111013900,1,1
53,2,1,15,1,3,2,3,2,44,1,1,7,2,38,1,1,5,1,44,1,1,7,1111014000,2,5
32,2,1,8,1,2,2,7,1,31,1,1,7,2,30,1,1,7,2,41,1,1,6,1411014000,4,4
72,2,3,14,3,1,4,15,2,64,1,3,7,2,72,1,7,7,2,77,3,1,7,1111014600,2,3
35,2,1,16,1,1,1,5,2,30,1,1,6,2,35,1,1,7,2,35,1,15,7,1511014900,3,4
40,1,2,8,1,1,1,6,1,39,1,2,6,1,38,1,15,7,1,39,2,1,5,1511014900,3,4
42,2,1,4,2,1,0,7,2,44,1,1,4,1,42,1,11,4,2,39,1,15,6,1111015200,2,3
43,2,1,14,1,1,2,6,2,32,1,3,7,2,44,1,2,7,2,42,1,2,7,1211015400,4,4
38,1,1,8,1,1,2,5,1,39,1,1,5,2,35,1,1,7,2,35,1,1,7,1211015400,4,4
63,2,1,15,3,1,2,6,2,55,1,1,7,1,56,1,1,7,1,57,1,1,7,1111015700,2,3
47,1,1,15,1,2,0,7,1,42,3,1,6,2,26,1,1,7,1,38,1,2,5,1111016200,1,1
61,2,1,4,1,2,0,5,2,57,1,1,4,1,45,1,1,7,2,59,2,6,2,1111016300,1,1
51,2,1,8,1,1,2,4,2,50,1,1,7,2,54,1,1,5,2,50,1,1,7,1111016600,4,4
27,2,1,11,2,2,0,4,2,27,1,1,7,2,27,1,1,7,2,26,1,1,6,1111016600,4,4
21,2,1,13,3,2,0,5,2,20,1,1,5,1,24,1,1,7,2,21,1,8,5,1111016700,4,4
17,1,1,9,3,2,0,3,1,15,1,1,4,1,17,1,8,4,2,15,1,8,4,1111016900,3,4
55,2,1,15,1,1,1,9,1,54,5,2,7,2,48,5,1,6,2,56,2,1,7,1111017200,2,3
54,1,2,14,1,1,1,3,2,54,5,1,7,1,62,1,1,7,1,62,2,7,7,1111017200,2,3
29,1,1,16,2,2,0,7,1,28,1,1,5,1,29,1,1,7,2,23,1,1,7,2111017200,1,1
55,2,1,14,1,2,0,3,2,54,1,1,7,1,56,1,1,7,2,57,1,1,7,1111017600,3,4
45,2,1,5,1,4,1,3,2,44,1,1,3,2,47,1,1,3,2,67,2,7,2,1111018300,2,5
50,2,1,15,2,3,1,3,1,51,1,1,6,2,50,1,15,7,2,42,1,15,5,1111018700,2,5
17,2,1,9,3,2,0,4,2,17,1,1,4,2,16,1,8,4,1,16,2,8,4,1111018700,2,5
36,1,1,5,1,2,0,3,1,30,1,1,4,1,44,1,1,2,1,42,1,1,3,1411019500,4,4
41,1,1,5,1,1,0,3,1,35,1,1,4,1,50,1,1,4,1,32,1,1,4,1111019500,2,3
76,2,2,3,3,5,5,3,2,77,1,2,3,2,68,1,7,2,2,78,1,7,2,1111019600,1,1
48,1,2,5,1,1,1,4,1,45,1,1,4,1,41,5,1,6,2,45,3,2,6,1111019800,3,4
21,2,1,14,3,2,0,6,2,20,1,1,5,1,20,1,8,7,2,21,1,8,7,1111019800,3,4
59,2,1,4,3,1,2,3,2,56,1,1,2,2,59,1,1,2,2,59,1,6,2,1111020400,2,3
64,1,1,6,3,1,1,6,1,64,1,1,5,1,65,1,7,3,2,65,1,7,5,1111020800,2,3
29,2,1,15,1,2,0,3,1,39,1,3,5,2,29,1,1,7,2,31,1,2,7,2111020800,1,1
45,2,3,14,1,1,2,15,2,44,1,1,5,2,39,1,1,7,2,39,1,1,7,1111021000,4,4
45,1,1,14,1,1,2,10,1,50,1,1,7,1,47,1,1,5,1,42,1,1,5,1111021000,4,4
56,2,1,14,1,2,1,6,2,55,1,1,7,2,49,1,1,7,1,48,1,1,7,1111021100,6,6
55,1,1,5,1,2,0,8,2,47,1,2,7,1,54,1,1,7,2,51,1,1,7,1111021100,6,6
19,1,1,13,3,2,0,5,1,20,1,3,6,1,19,1,15,6,1,18,1,8,7,1111021100,6,6
17,2,1,9,3,1,0,4,2,17,1,1,5,1,18,1,8,6,2,18,1,8,5,1111021200,3,4
70,2,1,5,3,1,3,3,1,70,1,1,6,2,72,1,6,2,2,66,1,6,2,1111022700,3,4
55,2,2,4,1,1,2,3,2,56,1,1,3,2,55,1,1,3,2,54,1,15,3,1111023200,2,3
49,1,1,6,1,1,3,4,1,47,1,1,4,2,41,1,1,7,1,53,1,1,4,1111023300,5,4
22,1,1,13,3,2,0,5,2,22,1,1,5,2,21,1,8,6,2,22,1,1,5,1111023300,5,4
20,2,1,4,2,2,0,3,2,22,1,1,6,2,27,5,2,5,1,22,3,15,4,1111023300,5,4
16,1,1,4,3,2,0,15,1,16,1,1,4,2,15,1,8,4,1,15,1,8,4,1111023300,5,4
58,2,2,14,1,2,0,20,2,50,1,1,7,2,52,1,1,7,1,45,1,1,4,1111023600,1,1
61,1,1,6,1,4,2,3,1,59,1,1,4,2,59,1,15,5,1,61,1,1,5,1111023800,3,6
42,2,1,14,1,1,2,3,2,40,1,1,4,1,42,1,1,5,2,50,1,1,7,1111024100,4,4
64,2,1,16,3,1,2,12,2,66,1,1,7,2,55,1,1,7,1,70,1,7,7,1111024400,2,3
68,1,1,15,3,1,2,8,1,65,1,1,7,1,70,1,7,7,2,60,1,1,7,1111024400,2,3
27,1,1,14,1,2,0,12,1,27,1,1,6,2,28,1,1,7,1,26,1,1,6,1911024400,3,2
27,1,1,12,1,2,0,3,1,27,1,1,7,1,27,1,1,7,1,27,1,15,5,1911024400,3,2
51,2,1,15,1,1,2,3,1,54,1,2,7,2,51,1,1,7,2,54,1,1,7,1111025300,4,4
47,1,3,5,2,1,3,3,1,51,1,3,7,2,46,5,1,7,1,74,1,7,4,1111025400,3,4
63,2,1,5,3,1,2,12,2,64,1,1,7,1,60,1,1,7,2,60,1,1,2,1111025600,2,3
71,1,1,5,3,1,2,4,1,72,1,1,7,1,70,1,7,7,1,72,1,7,7,1111025600,2,3
36,1,1,5,1,1,1,5,1,35,1,1,5,1,33,1,1,7,1,38,1,1,7,1411025600,3,4
75,1,1,3,3,1,2,6,1,73,1,1,4,2,93,1,7,3,1,65,1,7,5,1111025900,2,3
48,1,1,8,1,3,1,5,2,50,1,1,5,1,49,1,1,7,1,49,1,1,7,1111026000,2,6
27,1,1,4,2,2,0,8,1,24,1,1,4,1,28,1,15,4,2,34,1,15,5,1111026300,3,4
63,2,2,15,3,2,0,3,1,47,1,1,6,2,64,1,7,7,2,64,2,7,7,1111026400,1,1
51,1,3,14,1,1,2,20,1,47,1,1,5,1,36,1,1,5,1,35,1,1,5,1111026500,3,3
44,1,2,14,1,1,3,4,2,37,1,2,7,1,44,1,1,6,2,50,1,1,6,1111026800,5,4
43,2,1,14,1,1,3,3,1,42,1,1,7,1,48,1,1,7,2,41,1,1,7,1111026800,5,4
33,2,1,15,1,2,0,10,2,29,1,1,7,2,32,1,11,7,1,32,1,1,7,1411027300,2,3
44,1,1,16,1,1,2,10,1,43,1,1,7,1,47,1,1,7,2,38,1,1,7,1111027600,4,4
42,2,1,14,1,1,2,3,2,41,1,1,7,2,47,1,1,7,2,41,2,1,7,1111027600,4,4
40,2,2,15,1,1,1,8,2,38,1,2,7,2,38,3,6,7,1,45,2,1,7,1111027700,3,4
58,1,2,12,1,1,4,12,1,40,1,1,4,1,56,1,1,4,1,44,2,1,7,1111027700,3,4
37,2,1,8,1,1,1,3,2,36,1,1,6,1,37,1,1,7,1,40,1,1,5,1111027900,3,4
42,1,1,6,1,1,0,4,1,42,1,1,6,1,42,1,1,5,1,42,1,1,7,1111028200,2,3
34,2,3,15,1,1,0,3,2,43,1,3,7,2,30,1,15,7,1,31,3,1,6,1111028200,2,3
45,2,1,8,1,1,0,4,2,45,1,1,5,2,46,1,1,6,2,45,1,1,6,1111028600,2,3
60,1,3,15,2,1,2,5,1,63,1,3,5,1,62,1,1,5,1,48,1,1,5,1111028700,2,3
37,2,3,5,1,2,0,4,2,33,1,1,7,2,37,1,15,4,2,36,1,2,7,1611028700,2,3
78,2,2,4,3,5,1,10,2,77,1,1,4,1,80,1,7,4,2,78,2,11,3,1111029100,1,1
51,2,1,14,1,1,3,8,2,50,1,1,7,2,49,1,1,6,2,49,1,1,7,1111029600,5,4
18,2,1,9,3,2,0,4,2,18,1,1,4,2,18,1,15,4,2,17,1,8,4,1111029600,5,4
51,2,1,14,1,5,1,5,2,57,3,1,7,1,47,1,1,4,2,55,1,1,7,1111029800,3,4
20,2,1,13,3,2,0,10,2,20,1,1,5,2,20,1,8,5,1,22,1,8,5,1111029800,3,4
17,2,1,4,3,2,0,3,2,17,1,1,4,1,17,1,15,3,2,17,1,8,3,1111030200,3,4
23,1,1,13,3,2,0,5,1,27,1,1,7,1,23,1,2,5,1,24,1,1,5,1111030300,1,1
49,2,2,7,1,3,2,3,2,49,5,2,6,2,43,1,15,6,2,44,1,15,3,1211030900,3,5
34,2,3,6,1,2,0,7,1,38,1,1,5,2,34,1,15,5,1,38,2,1,5,1111031200,3,3
45,1,1,4,1,1,2,5,1,46,1,1,6,1,42,1,1,4,1,42,1,1,4,1111031300,4,4
56,1,2,4,2,4,1,30,1,65,1,2,6,2,37,1,8,5,1,45,1,1,6,1111031500,2,3
50,2,1,5,3,1,1,10,2,49,1,1,7,2,40,1,6,2,2,65,1,7,3,1111031600,3,4
53,1,1,7,1,1,1,3,1,47,1,1,5,1,48,1,1,6,1,48,1,1,6,1111031600,3,4
50,1,1,15,1,1,2,5,1,57,5,3,7,1,50,5,1,7,2,52,1,1,7,1111031700,4,4
50,2,1,15,1,1,2,3,2,51,5,1,7,2,56,1,1,6,2,64,2,1,6,1111031700,4,4
45,2,1,4,2,2,2,7,2,39,1,1,7,1,45,1,1,7,2,42,2,2,7,1111032300,4,4
34,1,1,15,2,2,0,4,1,34,1,1,5,2,25,1,1,5,1,28,1,1,7,1111032600,4,4
47,2,1,14,1,1,2,10,2,56,1,1,7,2,50,1,1,7,2,48,2,6,7,1111032700,4,4
17,2,1,9,3,2,0,4,2,15,1,1,3,1,19,1,8,5,2,17,1,8,4,1111032700,4,4
20,2,1,9,3,2,0,12,2,18,1,1,5,2,21,1,8,6,2,20,1,8,6,1111032900,4,4
43,2,2,6,1,1,2,10,2,36,1,2,4,1,43,1,1,6,2,40,1,1,5,1111033100,4,4
46,1,1,5,1,1,2,4,2,42,1,1,7,1,43,1,1,6,2,42,1,1,4,1111033100,4,4
20,1,1,11,1,2,0,6,1,20,1,1,6,1,21,1,1,6,1,23,1,2,4,1111033100,4,4
41,2,3,8,1,5,2,20,2,33,1,1,7,1,39,1,1,4,2,36,1,1,4,1111033300,3,5
19,2,1,13,3,2,0,10,2,18,1,1,5,2,18,1,8,5,2,18,1,1,5,1111033300,3,5
54,1,1,15,1,1,1,3,2,51,5,2,4,1,55,1,1,4,2,50,1,1,6,1111033400,3,4
51,2,2,4,1,1,1,4,2,48,1,1,5,2,51,1,9,4,1,53,2,1,5,1111033400,3,4
18,1,1,9,3,2,0,8,1,18,1,1,5,1,18,1,8,5,1,18,1,8,5,1111033400,3,4
49,2,1,4,1,1,2,8,2,52,1,1,4,2,58,1,1,4,2,64,2,1,4,1111035400,4,4
23,1,1,12,3,2,0,5,1,22,1,1,5,2,22,1,1,5,1,22,1,8,6,1111035400,4,4
20,1,1,13,3,2,0,5,1,20,1,1,6,1,20,1,8,6,1,20,1,8,5,1111035400,4,4
31,2,1,16,1,2,0,4,2,31,1,1,7,2,31,1,1,7,2,32,1,1,7,1611036110,2,3
36,1,1,16,1,2,0,4,1,36,1,1,6,1,29,1,1,7,1,32,1,1,7,1611036110,2,3
66,2,1,15,3,1,3,4,2,62,1,3,6,2,67,1,6,7,2,53,1,1,7,1111036500,2,3
70,1,2,14,3,1,3,4,1,66,1,1,7,1,67,1,7,5,1,67,1,7,7,1111036500,2,3
58,2,1,5,1,1,2,3,2,57,1,2,5,2,65,1,7,4,2,63,1,7,6,1111036800,3,4
28,1,1,14,1,2,0,3,1,28,1,1,7,2,26,1,1,7,1,27,1,1,7,1111036800,3,4
54,2,3,15,2,1,1,3,2,52,1,1,7,1,58,1,1,7,2,53,1,6,2,1111037000,3,4
57,2,1,4,1,1,2,8,1,56,3,1,7,1,58,1,1,6,2,59,1,7,3,1111037300,4,4
25,2,1,14,1,2,0,3,2,22,1,1,7,2,23,1,1,7,1,25,1,1,7,1111037300,4,4
35,1,1,7,1,1,1,5,1,35,1,1,6,1,37,1,1,6,1,37,1,1,6,1211037800,3,4
34,2,1,12,1,1,1,5,2,34,1,1,5,2,32,1,1,7,2,33,1,1,5,1211037800,3,4
49,2,1,16,1,2,0,4,2,40,1,2,5,2,49,1,1,7,2,44,1,15,4,1111037900,2,3
40,2,2,8,2,2,0,4,2,49,1,1,7,1,44,3,1,7,2,38,1,1,7,1111037900,2,3
51,2,1,15,1,1,3,5,2,51,1,1,6,2,51,1,1,7,2,36,1,1,7,1111038000,3,4
51,2,1,5,1,1,3,7,2,51,1,1,7,2,50,1,1,7,2,48,1,6,3,1111038000,3,4
29,1,1,11,1,2,0,4,2,26,1,1,7,1,26,1,1,6,2,28,1,1,6,2011038000,2,3
60,2,2,15,1,1,0,11,2,60,1,1,7,2,56,1,1,7,1,58,2,1,4,1111038100,2,3
42,2,1,14,1,1,2,6,1,40,1,1,6,2,42,1,1,6,2,40,1,1,3,1111038200,4,4
42,1,1,16,1,1,2,3,1,41,1,1,7,1,41,1,1,7,2,41,1,1,6,1111038200,4,4
33,2,1,16,1,2,0,5,2,32,1,1,7,2,33,1,2,6,2,31,2,1,7,1111038300,2,3
34,1,1,16,1,2,0,5,1,35,1,1,5,1,36,1,1,7,2,34,1,2,7,1111038300,2,3
45,1,1,7,3,3,1,6,2,39,1,1,7,1,45,1,1,4,2,40,1,1,7,1111038400,1,1
37,2,2,15,1,1,2,3,2,36,1,1,7,2,37,1,1,7,2,60,1,1,7,1111039200,4,4
49,2,1,14,1,1,2,10,2,48,1,1,7,1,47,1,15,7,2,49,1,1,7,1111039400,4,4
57,2,1,3,3,1,1,3,2,35,1,1,6,2,47,1,6,6,2,64,2,2,2,1111039800,2,3
35,2,1,14,1,1,1,5,2,31,1,1,7,2,35,1,1,7,2,34,1,1,6,1511039900,3,4
55,1,1,4,1,4,1,3,1,60,1,3,7,1,52,1,1,5,1,65,2,1,7,1111040400,2,3
48,2,1,15,2,2,0,5,1,48,1,1,7,2,45,1,15,7,1,42,3,15,7,1111040400,2,3
39,2,1,16,2,1,1,4,1,37,1,2,7,2,34,1,1,7,2,36,1,1,7,1111040500,3,4
54,1,1,15,1,1,0,6,1,45,1,2,7,1,51,1,1,7,2,70,1,7,7,1111040700,2,3
46,2,1,14,1,1,0,4,2,44,1,2,7,1,48,1,1,7,2,45,1,1,7,1111040700,2,3
38,2,2,7,1,2,0,5,1,43,1,1,5,2,38,1,1,5,2,38,1,2,7,1111040800,1,1
64,2,1,14,1,1,3,4,2,55,1,3,7,2,63,1,6,5,1,65,1,7,5,1111041300,3,3
67,1,1,7,3,1,3,3,1,66,1,1,5,1,64,1,7,5,1,72,1,7,6,1111041300,3,3
31,2,1,8,1,2,0,3,2,32,1,1,7,1,31,1,1,7,2,31,1,1,7,1511041300,1,1
39,1,1,6,1,2,0,5,1,38,1,1,6,1,38,1,15,5,1,38,1,1,6,1311041400,1,1
53,1,2,5,1,2,0,3,1,53,1,2,6,1,56,1,1,7,1,47,1,1,6,1111041500,1,1
47,1,3,15,1,5,1,10,2,47,1,1,5,1,47,1,1,7,1,39,2,1,7,1111041900,2,6
64,1,1,5,3,1,2,5,1,64,1,2,4,1,65,1,7,4,1,64,2,7,3,1111042400,2,3
69,2,1,4,3,5,4,3,2,66,1,1,4,2,69,5,7,4,2,67,2,7,3,1111042900,4,5
35,2,1,7,1,3,1,3,2,28,1,1,6,2,33,1,6,6,1,40,1,1,4,1111042900,4,5
37,2,1,15,1,2,0,4,2,36,1,1,7,2,37,1,1,5,2,33,3,1,7,1711042900,1,1
52,1,1,4,1,2,1,5,1,48,1,1,6,2,48,1,1,5,1,51,1,7,7,1111043200,3,4
50,2,2,8,1,4,2,4,2,49,1,1,6,1,52,1,1,7,2,46,1,1,5,1111043200,3,4
82,2,1,2,3,5,3,5,2,87,1,1,4,2,82,1,7,4,2,72,1,7,4,1111044300,1,1
39,2,1,4,3,1,2,3,2,35,1,1,3,2,40,1,1,4,2,43,1,1,5,1111044500,5,4
74,1,1,5,3,1,3,10,1,75,1,1,2,1,72,1,7,3,1,66,1,7,6,1111044600,4,4
33,1,1,15,1,2,0,6,2,32,1,1,7,1,33,1,1,7,2,31,1,1,7,1711044600,1,1
70,1,1,4,3,5,5,15,1,50,1,1,7,2,50,1,1,7,1,55,1,1,7,1111045100,3,6
27,1,1,12,2,2,0,3,1,27,1,1,7,2,24,1,15,7,1,26,1,1,7,1111045100,3,6
25,1,1,14,2,2,0,3,2,25,1,1,7,1,24,1,8,5,2,25,1,1,7,1111045100,3,6
58,2,1,14,1,1,4,10,2,63,1,1,7,1,63,1,1,7,2,63,1,7,7,1111045500,5,4
63,1,1,16,1,1,4,4,1,62,1,2,7,1,66,1,7,7,1,61,1,1,7,1111045500,5,4
31,1,1,6,3,2,0,4,1,30,1,1,4,1,30,1,1,4,1,30,1,1,5,1111045500,5,4
27,1,1,9,1,2,0,3,1,25,1,1,4,2,23,1,8,5,2,21,1,8,5,1111045500,5,4
19,2,1,13,3,2,0,5,2,19,1,1,5,2,20,1,8,5,1,19,1,2,6,1111045500,5,4
29,2,1,13,3,2,0,4,2,29,1,1,7,2,58,2,1,7,2,19,1,8,5,1911045500,1,1
37,1,1,5,1,3,1,5,2,37,5,1,5,1,40,3,1,7,1,38,1,1,6,1111045900,3,4
47,2,1,14,1,1,2,3,2,46,1,1,7,1,47,1,1,6,1,48,1,1,4,1111046600,4,4
51,1,1,4,1,1,2,4,1,53,1,1,6,1,57,1,1,4,1,51,1,1,4,1111046600,4,4
20,2,1,13,3,2,0,7,2,19,1,1,5,1,20,1,8,5,1,21,1,1,6,1111046600,4,4
17,1,1,9,3,2,0,10,1,17,1,1,4,1,17,1,8,4,1,17,1,8,4,1111046600,4,4
88,2,1,3,3,5,3,5,2,75,1,2,2,2,60,1,7,2,2,58,1,1,5,1111046800,2,5
48,2,1,7,1,2,0,5,2,48,1,3,5,2,48,1,1,5,1,48,1,2,7,1111046800,2,5
45,2,3,15,1,2,2,7,2,47,1,1,7,2,53,1,1,7,1,50,2,1,7,1111047000,3,5
38,1,2,6,1,2,0,4,1,38,1,2,7,1,45,1,1,4,1,39,2,1,4,1111047300,2,3
37,2,1,6,2,2,0,4,2,36,1,2,6,2,36,1,1,5,2,43,1,1,5,1111047300,2,3
33,1,1,15,1,2,1,3,1,37,1,1,4,2,33,1,1,4,1,34,1,1,7,1111048800,5,4
25,2,1,13,3,2,0,3,2,56,2,1,4,1,56,2,1,7,2,24,1,1,7,1111049400,3,4
65,1,1,15,1,1,3,6,2,35,1,1,7,2,64,1,1,7,1,64,1,1,5,1111049800,3,4
61,1,1,4,2,1,2,5,1,60,1,1,7,1,57,1,1,5,2,54,1,6,4,1111050100,2,3
38,2,2,16,1,2,1,3,1,39,1,1,6,2,38,1,1,7,1,38,1,1,7,1111050200,3,4
42,1,1,5,1,2,2,3,1,40,1,1,6,2,38,1,1,6,1,40,1,1,6,1111050200,3,4
38,1,1,6,2,2,1,6,2,36,1,1,7,1,40,1,15,5,1,38,1,1,5,1811050200,2,3
43,2,1,15,1,1,2,5,2,34,1,1,4,2,38,1,1,7,2,42,1,1,6,1111050300,4,4
52,1,1,4,1,1,2,6,1,47,1,1,4,1,33,1,1,4,2,37,1,1,7,1111050300,4,4
28,1,1,11,1,2,0,5,1,26,1,1,3,1,26,1,1,5,2,27,1,1,5,1111051600,4,4
64,2,2,3,3,1,2,6,2,57,5,1,3,2,68,5,6,4,2,67,1,6,4,1111052800,2,3
65,1,2,3,3,1,0,5,1,30,5,1,4,2,57,5,1,3,1,40,1,6,4,1111053100,2,3
64,2,2,4,3,5,2,20,2,63,1,1,3,2,62,1,7,3,2,63,1,7,3,1111053300,1,1
43,1,1,4,1,2,0,3,1,43,1,1,4,1,42,1,1,7,1,41,1,1,4,1111053400,2,5
45,2,1,8,1,1,1,4,2,45,1,1,7,2,43,1,1,5,2,29,1,1,7,1111053500,3,4
68,1,1,14,3,1,1,5,1,51,1,1,7,2,45,1,1,6,1,51,1,1,2,1111054000,3,3
50,2,1,15,1,1,1,4,1,46,1,3,7,2,53,1,2,4,2,48,1,1,7,1111054600,3,4
19,1,1,9,3,2,0,3,2,18,1,1,5,1,19,1,8,4,1,17,1,8,4,1111054600,3,4
49,1,1,6,1,1,2,10,1,45,1,1,5,2,45,1,6,5,1,38,1,1,5,1111054800,4,4
16,2,1,9,3,2,0,7,2,17,1,1,4,2,16,1,8,4,1,16,1,8,4,1111054800,4,4
45,2,1,6,1,4,2,3,1,43,1,2,6,2,44,1,1,6,1,50,1,1,5,1111055000,3,5
45,2,1,6,2,1,3,3,2,47,1,1,7,2,42,1,1,7,2,46,1,1,7,1111055200,5,4
19,1,1,13,3,2,0,3,1,16,1,2,4,2,17,1,8,4,1,18,2,2,5,1111055200,5,4
19,1,1,13,3,2,0,4,1,18,1,1,5,1,17,1,8,4,2,18,1,8,5,1111055200,5,4
48,1,2,15,1,4,2,3,1,47,1,1,6,2,44,1,15,7,1,33,1,1,4,1111055300,3,6
17,1,1,9,3,2,0,4,1,16,1,1,4,1,16,1,8,4,2,16,1,8,4,1111055300,3,6
40,1,1,4,1,1,2,5,1,39,1,1,7,1,39,1,1,6,1,40,1,1,6,1111055900,4,4
44,2,2,16,1,1,2,4,2,41,1,1,5,2,39,1,1,5,1,39,1,1,3,1111055900,4,4
63,1,1,4,2,1,1,5,1,56,1,2,3,1,63,1,7,6,1,47,1,1,3,1111056000,2,3
61,2,2,7,3,1,2,3,2,72,1,1,2,1,74,1,7,6,2,46,1,15,2,1111056200,3,4
38,2,1,16,1,1,1,15,2,35,1,1,7,2,42,1,1,7,2,35,1,1,7,1111056300,3,4
46,1,3,7,1,1,3,3,1,54,1,3,5,1,49,1,15,5,1,45,3,1,4,1111056300,3,4
38,1,1,5,1,4,1,3,1,42,1,1,7,1,55,1,1,7,1,32,1,1,7,1311056300,3,4
36,2,1,14,1,2,1,3,2,36,1,2,7,2,44,1,1,5,2,35,1,1,7,1311056300,3,4
40,1,1,15,1,1,2,6,1,48,1,2,5,1,35,1,1,7,1,42,3,1,5,1111056500,4,4
41,2,1,8,1,1,2,4,2,40,1,1,7,2,42,1,1,5,1,43,1,1,4,1111056500,4,4
57,2,1,15,2,1,1,3,1,57,1,2,7,2,50,1,1,5,1,56,1,1,5,1111056800,2,3
32,2,2,15,1,1,1,5,2,30,1,1,7,1,32,1,1,6,2,31,1,1,6,1211056800,3,4
44,1,1,8,2,2,0,5,1,41,1,1,4,1,43,1,1,7,1,43,1,1,5,1111056900,1,1
35,1,1,15,1,2,0,4,1,34,1,1,7,2,33,1,1,7,1,43,1,15,6,1611056900,1,1
85,1,2,15,3,1,0,4,1,82,1,2,7,1,85,1,7,7,1,84,2,7,7,1111057100,1,1
37,2,1,15,1,1,2,10,2,38,1,1,7,1,37,5,1,7,2,30,1,1,5,1311057400,4,4
37,1,1,14,1,1,2,5,1,37,1,1,7,1,37,1,1,7,1,38,1,1,4,1311057400,4,4
44,2,1,8,1,4,2,5,2,35,1,1,4,2,32,5,1,7,2,35,1,1,5,1811057600,3,5
19,1,1,9,3,2,0,6,1,19,1,1,2,2,17,1,8,5,1,21,1,8,5,1811057600,3,5
55,2,1,15,1,1,2,4,2,49,1,2,7,2,55,5,1,7,1,55,2,1,7,1111057800,3,4
24,2,1,14,1,2,0,5,2,24,1,2,7,2,24,1,1,7,2,24,1,1,7,1111057800,3,4
28,2,1,16,1,2,1,20,2,31,1,1,7,2,36,1,1,7,2,36,1,1,7,1411057800,3,4
37,1,1,8,1,2,1,3,1,37,1,1,5,1,38,1,1,5,1,44,2,1,5,1411057800,3,4
72,2,1,4,3,1,3,10,2,72,1,1,4,1,77,1,7,7,2,81,1,7,5,1111058000,2,3
41,2,1,5,1,1,2,8,2,35,1,1,7,2,43,1,1,7,2,36,1,1,6,1111058900,4,4
24,1,1,9,1,2,0,3,1,25,1,1,6,1,24,1,15,4,2,23,1,2,5,2111060900,2,3
39,1,1,5,1,1,2,4,1,40,1,2,5,2,36,1,1,6,1,36,1,1,4,1111062300,4,4
37,2,1,4,1,1,2,6,1,42,1,1,3,2,42,1,11,6,2,40,1,1,3,1111062300,4,4
21,1,1,13,3,2,0,4,1,21,1,1,5,1,21,1,8,4,1,21,1,11,3,1111062800,5,4
19,1,1,13,3,2,0,7,1,19,1,1,5,1,20,1,8,5,1,20,1,8,5,1111062800,5,4
39,1,2,15,1,1,0,3,1,39,1,1,7,2,37,1,1,7,2,40,1,1,5,1211064500,2,3
21,1,1,11,1,2,0,3,1,23,1,1,4,1,25,1,15,4,1,21,3,1,4,1111065400,5,4
21,1,1,11,1,2,0,6,1,20,1,1,3,2,27,1,1,7,1,20,1,8,5,1111065400,5,4
34,1,1,6,1,2,0,3,1,33,1,1,6,1,20,1,2,4,2,25,1,1,4,1413065500,1,1
40,2,1,15,1,1,0,10,1,40,1,1,7,2,39,1,2,5,1,41,1,1,7,1111065600,2,3
41,1,1,15,1,1,0,4,1,40,1,1,7,1,20,1,1,7,1,40,1,1,7,1111065600,2,3
64,2,2,4,3,5,4,6,2,66,1,1,3,1,68,1,7,3,2,61,1,6,4,1111065700,3,4
42,1,1,6,1,1,2,5,1,44,1,1,7,1,42,1,1,7,1,36,1,1,7,1111066100,4,4
43,2,1,16,1,1,2,7,2,42,1,1,7,2,43,1,2,7,2,47,1,1,6,1111066100,4,4
57,2,1,15,1,2,0,10,2,57,1,1,7,1,59,1,1,7,1,53,1,15,4,1111066300,3,4
84,2,1,4,3,1,2,8,2,72,1,1,4,2,66,1,7,6,2,87,1,7,3,1111066300,3,4
42,2,1,6,1,1,2,4,2,34,1,1,7,2,41,1,1,6,2,40,1,1,7,1311066700,4,4
43,1,1,6,1,1,2,8,1,43,1,1,7,1,36,1,1,6,1,42,1,1,4,1311066700,4,4
36,1,1,5,2,3,2,4,1,35,1,1,4,1,36,1,15,5,1,37,1,1,5,1111066800,2,5
43,2,1,16,1,2,2,6,2,46,1,1,4,1,42,1,1,7,2,38,1,2,6,1111066900,4,4
49,1,1,16,1,2,2,4,2,44,1,1,7,2,35,1,1,7,1,52,1,1,7,1111066900,4,4
46,2,1,4,1,1,2,12,2,44,1,2,4,2,49,1,2,4,2,45,1,1,5,1111067200,4,4
47,1,2,6,1,1,2,12,2,42,1,1,4,1,46,1,1,5,1,38,1,1,4,1111067200,4,4
42,1,1,6,1,1,2,7,1,50,1,1,4,1,24,1,1,4,1,35,1,1,4,1111067500,4,4
41,1,1,5,1,3,1,3,1,40,1,1,6,2,48,1,1,3,1,55,2,1,4,1211067800,1,1
69,2,2,2,3,1,2,8,2,60,1,1,2,2,65,1,7,2,2,60,2,11,2,1111068400,4,4
38,1,1,16,2,2,0,5,2,36,1,1,7,1,39,1,1,7,2,36,1,1,7,1411069500,1,1
51,2,1,7,1,5,2,3,2,56,1,2,7,1,62,1,1,4,2,51,2,1,5,1111069700,4,5
58,2,1,6,1,1,2,5,2,59,1,1,2,1,60,1,7,7,2,60,1,1,7,1111070100,3,4
57,1,1,15,1,1,2,10,1,60,1,1,5,1,52,1,1,7,2,46,1,15,7,1111070100,3,4
24,1,1,14,2,2,0,3,1,24,1,1,6,1,24,1,2,7,1,24,1,15,4,1111070100,3,4
22,2,1,13,3,2,0,5,1,25,1,1,4,2,21,1,2,5,2,21,1,15,5,2111070100,4,2
58,2,2,4,1,4,2,4,2,60,1,1,6,2,37,1,1,7,2,40,2,2,6,1111070600,2,5
36,1,1,4,1,2,1,5,1,29,1,1,4,1,28,1,1,5,1,36,1,1,4,1411070600,3,4
37,2,1,14,1,2,1,3,2,35,1,1,7,2,35,1,1,7,1,33,1,1,7,1411070600,3,4
52,2,1,16,1,2,2,6,2,45,1,1,7,1,55,1,1,7,2,50,1,1,7,1111071300,2,3
27,2,1,14,1,2,0,3,2,27,1,1,7,2,26,1,8,5,2,26,1,2,6,1911071310,1,1
39,1,1,5,1,2,2,3,1,38,1,1,4,2,42,1,1,5,1,40,1,1,7,1111071800,4,4
45,2,1,5,2,4,2,5,2,40,1,1,4,1,47,1,1,4,2,43,1,1,4,1111072000,4,4
43,1,1,14,1,2,2,3,2,35,1,1,5,1,47,1,1,7,1,43,1,1,7,1111072000,4,4
79,1,1,6,3,1,2,5,1,82,1,1,4,1,77,1,7,2,1,80,1,7,4,1111072100,2,3
80,2,1,4,3,1,2,10,2,75,1,1,6,2,78,1,7,6,2,75,1,7,6,1111072100,2,3
28,1,1,16,1,1,0,5,1,32,1,1,5,1,38,1,1,7,1,28,1,1,7,1811072300,2,3
26,2,1,16,2,1,0,4,2,36,1,1,5,2,31,1,15,5,2,32,1,1,4,1811072300,2,3
25,2,1,14,1,2,0,5,1,32,1,1,7,2,25,1,1,7,2,26,2,8,4,2011072300,1,1
43,2,1,5,1,2,1,4,2,45,5,1,6,2,43,5,1,6,2,42,1,1,3,1111072400,3,4
22,1,1,11,2,2,0,6,2,21,1,1,5,1,24,1,15,6,2,22,1,1,7,1111073700,4,4
25,2,1,11,1,2,0,3,2,30,1,1,6,1,32,1,1,6,2,27,1,1,5,2011073900,2,3
59,2,1,5,1,1,2,10,2,63,5,2,3,1,40,5,1,6,2,56,1,1,6,1111074000,2,3
28,2,1,12,1,2,0,3,1,23,1,1,6,1,31,1,15,6,2,20,1,15,6,1211074000,3,2
65,2,2,4,3,5,2,10,2,68,1,1,5,2,62,1,6,4,2,62,1,7,4,1111074100,1,1
36,2,1,16,1,2,2,3,2,43,1,1,7,2,34,1,1,6,2,35,1,1,7,1511074400,4,4
21,1,1,13,3,2,0,3,1,20,1,1,4,1,20,1,8,5,1,20,1,8,6,1111074500,5,5
75,1,1,3,3,1,3,20,1,64,1,2,4,1,67,1,7,4,1,60,1,7,4,1111074600,3,3
47,2,3,16,1,2,1,5,2,48,1,1,6,2,48,1,2,3,2,44,1,15,6,1111074900,3,4
36,2,1,15,1,2,0,4,2,36,1,1,7,2,37,1,1,7,2,36,1,1,7,1511075000,1,1
34,2,1,14,1,2,1,12,2,28,1,1,6,2,35,1,1,7,2,32,1,1,7,1311075000,3,4
35,1,1,5,1,2,1,20,1,30,1,1,6,1,34,1,15,4,1,32,2,2,5,1311075000,3,4
50,2,1,5,1,1,2,3,2,48,1,1,5,2,51,1,1,4,2,50,1,2,5,1111075300,4,4
18,1,1,9,3,2,0,15,1,18,1,1,5,1,18,1,2,5,2,17,1,8,5,1111075300,4,4
59,2,1,16,1,5,2,4,1,62,1,1,7,2,59,1,6,6,2,57,1,1,7,1111075400,1,1
47,1,1,15,1,4,1,4,1,46,1,1,7,1,46,1,1,7,1,46,1,1,7,1711075500,2,6
54,2,1,15,1,1,0,3,2,66,1,1,5,2,62,1,7,7,1,65,1,7,4,1111075800,2,3
53,1,1,8,1,1,0,3,1,65,1,1,4,1,50,1,1,7,1,52,1,1,4,1111075800,2,3
44,1,1,6,1,1,2,3,1,45,1,2,4,1,44,5,1,6,2,44,1,1,6,1111076000,4,4
59,2,2,4,3,1,3,6,2,69,1,1,6,1,76,1,7,6,2,59,2,1,7,1111076700,2,3
35,1,1,7,1,2,0,3,1,40,1,1,5,1,45,1,1,7,2,30,1,1,7,1611076700,2,3
69,1,1,4,3,1,2,5,1,69,1,1,5,1,66,1,1,4,1,67,1,7,5,1111076800,2,3
77,1,1,14,3,1,2,10,1,78,1,1,7,1,77,1,7,7,2,62,1,7,7,1111076900,2,3
74,2,1,14,3,1,2,6,2,80,1,1,4,2,62,1,6,6,1,87,1,7,7,1111076900,2,3
47,2,1,15,1,2,0,4,2,73,2,1,7,2,46,3,2,7,2,46,1,1,7,1211076900,1,1
61,1,1,4,2,1,4,20,1,38,1,1,4,1,64,1,7,4,1,74,1,7,6,1111077600,2,3
33,1,1,15,1,1,0,15,2,34,1,1,7,2,35,1,1,7,1,40,1,1,6,1211077700,2,3
28,2,1,14,2,1,0,20,2,27,1,1,7,2,30,1,15,6,2,29,1,1,7,1211077700,2,3
73,2,2,2,3,1,5,10,2,70,1,2,4,2,69,1,7,3,2,75,2,7,3,1111078800,2,3
32,2,1,5,1,2,0,3,2,34,1,3,5,2,32,1,1,4,2,36,1,1,4,1111079000,2,3
49,1,1,15,1,1,1,15,1,50,1,2,7,1,42,1,1,3,1,40,1,1,7,1111081200,4,4
78,2,1,4,3,5,3,5,2,70,1,1,2,2,74,1,7,2,2,75,1,11,2,1111081200,4,4
39,2,3,15,1,1,1,5,2,38,1,3,7,2,40,1,6,5,1,50,1,1,7,1111081200,4,4
65,1,1,14,1,1,3,3,1,65,1,1,6,2,42,1,1,7,1,65,1,1,6,1111081300,4,4
34,1,1,15,1,2,0,12,2,33,5,1,7,1,34,1,1,6,1,41,1,11,6,1111081300,4,4
30,2,1,14,2,2,0,4,2,29,1,1,7,2,29,1,1,7,2,29,1,1,6,1111081300,4,4
76,1,1,4,3,2,0,4,1,71,1,1,2,2,54,1,1,7,1,73,1,7,2,1111081400,1,1
47,1,1,16,1,1,2,6,1,43,1,1,5,1,46,1,1,7,1,47,1,1,7,1111081600,4,4
52,2,1,5,1,1,2,15,2,51,1,1,7,1,53,1,1,6,2,36,1,1,7,1111081700,3,4
17,1,1,9,3,2,0,12,1,17,1,1,4,2,16,1,8,4,1,17,1,8,4,1111081700,3,4
69,2,1,4,3,5,3,15,2,70,1,1,2,2,50,1,1,7,1,72,1,7,2,1111081900,2,5
62,1,1,14,1,5,2,9,2,47,1,1,7,1,55,1,1,7,1,52,3,1,2,1111082300,2,5
40,1,1,15,1,2,0,3,1,38,1,1,7,1,39,1,1,7,2,36,1,1,7,1111082500,2,3
50,2,1,8,1,1,2,4,2,50,1,1,7,1,54,1,1,7,2,60,1,1,6,1111082900,4,4
20,2,1,13,3,2,0,4,2,20,1,1,5,2,19,1,8,5,2,21,1,8,5,1111082900,4,4
50,1,1,15,1,4,2,3,2,40,1,1,7,1,46,1,1,5,1,52,1,1,5,1111083200,4,4
61,1,1,15,1,1,2,3,1,62,1,1,4,1,57,1,1,7,1,61,1,1,7,1111083500,3,4
27,1,1,14,1,2,0,3,1,29,1,2,7,1,29,1,1,7,1,28,1,1,7,1111083500,3,4
30,2,1,16,1,2,0,30,2,27,1,1,7,1,30,1,1,7,2,28,1,1,7,1911083500,2,3
32,1,1,5,1,2,0,30,1,35,1,1,4,1,25,1,1,6,1,39,1,1,4,1911083500,2,3
45,2,1,6,1,3,1,5,2,50,1,1,7,2,45,1,2,4,2,36,1,1,5,1211084400,2,5
82,1,1,3,3,5,0,4,2,65,1,2,1,1,66,1,7,3,2,62,1,7,3,1111085400,1,1
39,2,1,16,1,1,2,5,2,37,1,1,7,2,47,1,1,7,2,36,1,1,6,1111086100,4,4
34,1,1,4,1,2,0,4,1,40,1,1,5,1,40,1,15,7,2,40,3,11,7,1111086500,1,1
42,2,1,4,1,4,0,6,2,38,1,1,7,2,40,1,1,7,2,41,1,2,5,1411087000,2,3
60,2,1,7,1,1,0,5,2,53,1,1,5,1,61,1,9,3,2,53,2,2,3,1111087300,2,3
72,1,2,4,3,1,0,5,1,67,1,2,6,2,50,1,1,5,2,60,1,6,3,1111087300,2,3
40,2,1,4,3,1,2,8,2,41,1,1,4,2,40,1,2,5,2,44,1,15,2,1111087500,4,4
45,1,3,5,1,1,4,5,1,48,1,1,4,1,46,3,1,4,1,43,3,1,4,1111087800,6,4
19,2,1,11,3,2,0,6,2,19,1,1,4,1,20,1,8,4,2,18,1,1,4,1111087800,6,4
16,2,1,4,3,2,0,10,2,15,1,1,4,2,16,1,8,4,2,14,1,8,4,1111087800,6,4
68,2,1,4,3,5,2,5,2,62,5,1,3,2,64,1,6,3,2,75,1,7,3,1111088100,2,2
47,1,1,8,1,1,2,5,1,47,1,1,7,1,40,1,1,7,1,48,1,1,7,1111088300,4,4
44,2,1,15,1,1,2,20,2,40,1,1,7,2,50,1,1,4,1,45,1,1,7,1111088400,4,4
46,1,1,14,1,1,2,12,1,50,1,1,6,2,47,1,1,7,2,48,1,15,5,1111088400,4,4
42,2,1,16,1,2,0,15,2,42,1,1,7,2,40,1,2,2,2,30,1,1,7,1511088700,1,1
45,2,2,3,1,4,1,5,2,40,1,1,5,2,35,1,1,7,1,47,1,1,4,1911088900,2,5
17,2,1,9,3,2,0,3,2,16,1,1,3,2,17,1,8,4,2,16,1,8,4,1911088900,2,5
41,1,1,14,1,2,0,3,1,35,1,2,7,1,41,1,1,5,2,52,2,1,4,1211089400,1,1
35,1,1,4,1,2,1,3,1,36,1,3,3,1,36,1,1,4,1,36,2,1,3,1511089900,3,4
32,2,1,5,3,2,1,6,2,28,1,2,4,2,32,1,1,7,2,27,2,1,4,1511089900,3,4
60,1,3,14,1,1,2,10,1,40,1,1,5,1,54,1,1,5,2,50,1,2,5,1111090100,5,4
16,1,1,4,3,2,0,10,1,17,1,2,4,1,15,1,8,4,2,15,1,8,4,1111090100,5,4
79,1,2,2,3,1,2,3,1,78,1,1,2,1,77,1,7,3,1,66,1,7,3,1111090200,2,3
53,2,1,15,1,2,2,4,2,47,1,1,7,2,48,1,1,7,2,54,1,1,7,1111090300,4,4
22,2,1,9,1,2,0,5,2,22,2,1,4,2,26,1,1,4,2,50,1,15,4,1111090400,4,4
55,1,1,8,1,1,2,7,1,54,1,1,6,1,53,1,1,7,1,54,1,1,6,1111090600,3,4
25,2,1,14,1,2,0,5,2,25,1,1,7,2,25,1,1,7,1,26,1,1,7,1111090600,3,4
58,2,1,5,1,1,2,15,2,50,1,1,4,2,52,1,1,4,2,29,1,1,7,1111091100,2,3
30,2,1,14,1,2,0,10,2,27,1,1,6,2,31,1,1,7,1,30,1,1,5,1911091100,2,3
48,2,1,7,1,1,2,5,2,48,1,1,5,2,48,1,1,7,1,52,3,1,7,1111091400,3,4
25,2,1,14,1,2,0,3,1,24,1,1,7,2,25,1,2,7,2,23,1,2,7,1111091400,3,4
66,2,1,4,3,4,1,3,2,78,1,1,2,2,71,1,7,3,2,64,2,7,3,1111091800,1,1
54,2,1,5,3,1,2,5,2,65,1,1,4,2,41,1,1,7,1,41,1,1,4,1111092200,2,3
30,2,1,15,1,1,1,10,2,29,1,1,7,2,32,1,2,7,2,43,1,1,6,1911092200,3,4
52,1,1,5,1,2,0,15,1,49,1,1,6,1,50,1,1,4,1,53,3,1,4,1111092300,1,1
42,2,3,5,2,2,0,5,2,30,1,1,7,2,35,1,1,7,1,38,1,1,6,1111092500,2,5
21,2,3,9,2,2,0,3,2,18,1,1,5,2,22,5,15,5,2,17,3,8,5,1111092900,5,4
47,2,1,4,2,1,1,3,2,60,1,1,4,1,52,1,15,5,2,39,1,1,7,1111093400,3,4
48,1,1,4,2,1,2,10,1,47,1,1,4,1,46,1,1,7,2,47,1,1,7,1111093700,4,4
47,2,3,4,1,1,2,5,2,52,1,1,6,2,46,1,15,6,2,46,1,1,6,1111093700,4,4
21,1,1,13,3,2,0,3,1,20,1,1,5,2,20,1,8,6,1,21,1,8,5,1111093700,4,4
18,1,1,9,3,2,0,7,1,17,1,1,3,1,18,1,8,3,1,16,1,8,3,1111093700,4,4
40,2,1,14,1,2,1,8,2,39,1,1,4,2,39,1,1,6,1,43,3,1,7,1211094500,2,5
19,2,1,13,3,2,0,3,2,18,1,1,5,2,21,5,8,4,2,18,1,8,4,1211094500,2,5
59,2,1,7,3,3,3,12,2,56,1,1,5,2,58,1,1,7,2,55,1,1,5,1111094800,2,5
20,2,1,13,3,2,0,8,2,20,1,1,5,2,20,1,8,6,2,20,1,8,5,1111094800,2,5
32,1,1,14,1,2,0,10,1,33,1,1,6,1,32,1,1,6,1,31,1,1,7,1411094800,2,3
55,2,1,15,1,1,2,7,2,54,1,1,7,2,55,1,1,7,2,50,1,1,7,1111094900,5,4
69,1,1,14,3,1,3,8,1,68,1,1,7,1,68,1,7,7,1,70,2,7,7,1111095400,2,3
50,1,1,15,1,2,3,6,1,46,1,1,5,1,42,1,1,6,2,42,1,1,6,1111095700,5,4
46,2,1,4,1,1,2,12,2,44,1,1,6,2,48,1,1,6,2,42,1,1,6,1111096400,4,4
43,1,1,6,1,1,2,3,1,44,1,1,6,1,44,1,1,7,1,44,1,1,6,1111096400,4,4
69,1,1,16,3,1,5,20,1,60,1,1,7,1,64,1,1,7,1,62,1,1,7,1111096800,2,3
36,2,1,14,1,1,2,3,2,35,1,1,5,2,36,1,2,5,2,37,1,1,7,1311096800,4,4
40,1,1,15,1,1,2,3,1,43,1,3,7,1,40,1,1,7,1,39,1,15,7,1311096800,4,4
28,2,1,15,1,2,0,8,2,28,1,1,7,1,29,1,1,7,1,30,1,1,7,1811096800,2,3
41,2,1,15,1,3,2,10,2,40,1,1,7,2,41,1,1,7,2,37,1,15,3,1111097200,3,5
55,2,1,15,1,4,2,5,2,54,1,1,5,2,48,1,1,7,2,60,1,1,7,1111097400,2,5
26,1,1,13,1,2,0,10,1,25,1,1,7,1,26,1,1,6,1,26,1,1,6,1111097400,2,5
69,1,1,15,3,1,2,3,1,66,1,1,7,1,63,1,7,6,1,69,1,7,4,1111097600,3,3
60,2,2,5,1,5,1,4,2,62,1,1,6,2,60,1,7,7,2,60,1,7,7,1111098100,1,1
58,2,1,15,1,1,2,10,2,59,1,1,4,2,57,1,6,4,2,58,1,1,6,1111098400,4,4
68,1,2,15,3,1,2,5,1,60,1,1,7,1,73,1,7,7,1,59,1,1,6,1111098400,4,4
35,1,1,14,1,2,0,5,1,36,1,1,4,1,34,1,1,7,1,36,3,1,7,1611098800,1,1
49,1,1,5,1,1,2,3,1,49,1,1,4,1,49,1,1,4,1,49,1,11,6,1111098900,4,4
21,2,1,13,1,2,0,20,1,21,1,1,6,1,19,1,1,3,2,21,1,15,6,1111098900,4,4
48,1,1,4,3,1,2,4,1,46,1,2,6,1,51,1,1,3,1,50,2,1,3,1111099200,4,4
48,2,2,6,2,1,2,10,2,47,1,2,7,2,47,1,1,4,2,46,1,2,6,1111099200,4,4
39,2,1,4,1,1,0,10,2,40,1,1,7,2,38,1,1,7,2,37,1,1,5,1111099600,2,3
42,1,1,6,1,1,0,10,1,40,1,1,6,1,42,1,1,7,1,45,2,1,7,1111099600,2,3
46,1,3,3,1,1,5,20,1,40,1,3,4,1,50,1,1,6,1,42,1,1,7,1111100000,6,4
34,2,3,4,1,1,5,10,2,46,1,3,2,2,50,1,1,7,2,30,3,1,6,1111100000,6,4
37,1,1,16,1,1,1,4,1,36,1,1,5,1,37,1,1,7,1,26,3,8,6,1411100600,3,4
35,2,1,16,1,1,1,3,2,34,1,1,7,2,34,1,1,7,2,37,1,1,7,1411100600,3,4
34,1,1,16,1,2,0,5,1,34,1,1,7,1,34,1,1,7,1,34,1,1,7,1711100600,2,3
29,2,1,16,1,2,0,6,2,33,1,1,7,2,34,1,1,7,1,35,1,1,7,1711100600,2,3
46,2,1,4,1,1,2,12,2,45,1,1,2,2,43,1,2,5,1,46,2,2,6,1111100900,4,4
35,1,1,6,1,2,0,3,1,32,1,1,6,1,35,1,1,4,1,36,1,1,4,1111101200,2,3
61,2,1,3,3,1,1,3,2,65,1,1,2,2,65,1,7,2,2,73,2,7,2,1111101300,2,3
63,1,1,3,1,1,1,6,1,64,1,1,3,1,57,1,1,4,1,45,3,1,3,1111101300,2,3
46,2,2,6,2,1,2,7,1,48,1,1,4,1,40,1,1,6,2,56,2,2,5,1111101400,4,4
46,1,1,5,1,1,2,8,1,40,1,3,4,2,50,1,1,4,1,40,1,1,7,1111101400,4,4
16,2,1,4,3,2,0,5,2,16,1,1,4,1,16,1,8,4,2,16,1,8,4,1111101400,4,4
56,2,2,7,1,2,0,5,2,52,1,2,7,2,60,1,1,3,2,48,1,1,7,1111101600,2,5
29,2,1,4,3,2,2,10,2,36,1,1,3,2,33,1,15,4,2,35,1,15,3,1311102100,3,5
71,2,1,3,3,1,2,6,2,68,3,1,4,2,65,1,7,7,2,67,1,7,6,1111103100,3,4
77,1,1,6,3,5,3,6,1,67,1,1,5,1,68,1,7,5,1,69,1,7,4,1111103200,2,3
69,2,1,5,3,5,2,3,2,43,4,1,4,2,66,1,7,4,2,66,1,7,5,1111103200,2,3
38,2,3,14,2,4,1,15,2,35,1,1,6,2,40,1,1,4,1,34,3,1,7,1111103400,1,1
48,1,1,5,1,1,2,3,1,45,1,1,3,1,45,1,1,3,1,45,1,1,3,1111103700,4,4
18,1,1,9,3,2,0,5,1,18,1,1,5,2,17,1,8,5,1,17,1,8,5,1111103700,4,4
41,2,1,4,1,1,2,10,2,37,1,1,3,2,40,1,1,6,1,50,1,1,7,1111103800,4,4
43,1,1,5,1,1,2,10,2,40,1,1,3,1,50,1,1,6,1,52,2,1,6,1111103800,4,4
56,1,1,5,1,1,1,4,1,51,1,1,4,2,47,1,1,4,2,36,1,1,6,1111104000,2,3
53,2,1,4,1,1,1,4,2,47,1,2,6,2,53,1,1,5,2,42,1,1,5,1111104000,2,3
31,2,1,15,1,1,2,5,2,31,1,1,6,2,30,1,1,7,2,30,1,1,7,1611104000,4,4
30,1,1,9,1,1,2,3,1,30,1,1,7,1,34,1,1,6,1,35,2,1,7,1611104000,4,4
60,2,1,6,3,1,3,8,2,53,1,1,4,2,54,1,6,6,2,55,1,6,5,1111104300,2,3
65,1,1,5,3,1,3,3,2,59,5,1,6,2,38,4,1,7,1,38,1,1,7,1111104300,2,3
37,1,1,6,1,2,2,6,1,39,3,1,6,2,40,3,1,6,1,38,1,1,4,1311104300,4,4
33,2,1,5,1,2,2,3,2,38,1,1,7,2,33,3,1,6,1,35,1,6,6,1311104300,4,4
62,2,1,5,3,1,3,15,2,62,1,1,4,2,62,1,7,4,2,62,1,7,4,1111105200,2,3
76,2,1,4,3,1,3,4,2,66,1,2,3,1,82,1,7,6,2,79,1,11,3,1111105900,2,3
55,1,1,8,1,1,2,4,1,54,1,1,4,1,54,1,1,4,1,53,1,1,5,1111106400,3,4
52,2,2,6,1,1,2,6,2,51,1,1,4,2,50,1,1,5,2,53,1,1,7,1111106400,3,4
53,2,1,5,1,1,2,4,2,53,1,2,4,1,53,1,1,4,1,46,1,1,6,1111106500,3,4
30,2,1,14,1,2,0,4,2,30,1,1,7,2,29,1,15,7,2,31,1,1,7,1911106500,2,3
54,1,1,7,1,1,2,4,1,55,1,2,7,1,51,1,1,6,1,55,1,15,4,1111107800,3,4
53,2,2,4,2,1,2,4,2,54,1,1,7,1,56,1,1,7,2,52,2,15,6,1111107800,3,4
50,1,2,4,1,1,2,6,1,54,1,3,4,1,38,1,1,5,1,32,1,1,7,1111107900,3,4
22,1,1,9,2,2,0,7,1,21,1,1,5,1,21,1,8,6,1,23,1,15,4,1111107900,3,4
29,2,1,16,1,2,0,5,2,29,1,3,7,2,34,5,1,7,2,28,1,1,7,2011107900,1,1
50,2,1,14,1,1,2,5,2,50,1,1,7,2,48,1,1,6,2,51,1,1,5,1111108000,4,4
21,1,1,13,1,2,0,6,1,21,1,1,7,1,21,1,8,7,1,21,1,8,5,1111108000,4,4
60,2,1,4,1,1,1,15,2,38,1,2,5,2,63,1,1,6,2,58,1,9,5,1111108400,2,3
51,2,1,5,2,1,2,5,2,47,1,1,4,2,46,1,1,4,2,45,1,1,4,1111109300,4,4
24,2,1,14,3,2,0,7,2,23,1,1,4,2,24,1,1,7,1,27,1,1,4,1111109300,4,4
17,1,1,9,3,2,0,4,1,16,1,1,4,1,17,1,8,3,1,17,1,8,4,1111109300,4,4
36,2,1,15,1,1,0,4,1,36,1,1,7,2,38,1,1,4,2,35,3,2,7,1511109900,2,3
17,2,1,9,3,2,0,5,1,17,1,1,3,1,17,1,8,3,2,16,1,8,3,2011110600,3,5
50,1,1,14,1,1,2,3,1,36,1,1,7,1,33,1,1,5,1,50,1,1,5,1111111100,4,4
43,2,1,15,1,1,2,3,2,40,1,1,7,2,42,1,1,7,2,41,1,1,7,1111111100,4,4
55,2,1,15,1,1,1,5,2,56,2,1,7,2,45,1,1,7,2,55,1,1,7,1111111200,3,4
24,2,1,8,3,2,0,10,2,23,1,1,5,2,23,1,8,5,1,23,1,8,5,1111111200,3,4
68,1,1,6,3,1,3,8,1,70,1,1,5,1,71,1,7,4,1,67,1,7,4,1111111300,3,4
61,2,1,7,1,1,3,18,2,66,1,1,4,2,67,2,7,6,2,47,1,1,5,1111111300,3,4
65,2,1,7,1,1,1,4,2,60,1,1,4,1,63,1,7,7,2,42,1,8,6,1111111500,2,3
45,2,1,4,1,1,2,4,2,42,1,1,7,2,40,1,1,6,2,44,1,1,6,1111111600,4,4
60,2,1,8,1,1,0,4,2,54,1,1,7,2,64,1,7,5,2,50,1,1,7,1111111800,2,3
62,1,1,14,3,1,0,10,1,59,1,1,6,1,73,1,7,3,2,59,1,1,6,1111111800,2,3
35,1,1,6,1,1,1,5,1,34,1,1,6,1,40,1,1,4,2,30,1,1,7,1311112000,3,4
36,2,1,14,1,1,1,7,2,37,1,1,7,2,36,1,2,7,2,32,3,2,7,1311112000,3,4
66,1,1,4,3,1,2,3,1,55,1,1,4,1,48,1,15,4,1,66,2,7,4,1111112700,2,3
61,2,1,4,3,1,2,3,2,55,1,2,4,2,44,1,15,4,2,60,2,1,7,1111112700,2,3
50,2,1,5,1,1,2,8,2,51,1,1,6,2,52,1,1,6,2,50,1,15,6,1111113200,4,4
27,1,1,13,1,2,0,7,1,27,1,1,5,2,25,1,1,7,2,27,1,1,7,2111113400,2,3
27,2,1,15,1,2,0,6,2,26,1,1,7,2,30,1,1,7,2,27,1,1,7,2111113400,2,3
21,1,1,13,3,2,0,3,1,21,1,1,5,1,21,1,8,5,1,25,1,8,5,1111113400,4,4
69,1,2,3,3,5,3,6,1,70,1,2,4,1,65,1,7,4,1,70,2,7,4,1916113500,1,1
61,2,1,14,3,1,3,4,2,60,1,1,5,1,55,3,1,7,2,58,1,1,5,1111113700,4,4
32,2,1,14,1,2,0,4,2,35,1,1,7,1,34,1,1,7,2,32,1,15,5,1411113700,2,3
56,2,1,14,1,1,2,12,1,60,5,1,7,2,56,1,1,7,2,55,1,1,7,1111113800,3,4
72,2,1,4,3,1,3,8,2,69,1,1,3,2,72,1,7,4,2,71,1,11,4,1111114200,2,3
81,1,1,5,3,1,3,12,1,80,1,1,4,1,70,1,7,6,1,60,1,7,5,1111114200,2,3
70,1,1,14,3,1,3,6,1,66,1,2,7,2,66,1,7,7,1,70,1,7,7,1111114800,2,3
65,2,2,14,3,1,3,6,1,63,1,2,7,2,61,1,7,4,2,63,2,7,4,1111114800,2,3
36,2,1,15,1,5,0,5,2,32,1,1,7,2,40,3,1,7,2,40,1,1,7,1211114800,1,1
68,1,1,4,3,1,3,10,2,60,1,1,7,1,65,1,7,6,1,70,1,7,2,1111116200,4,3
36,2,1,15,1,1,1,6,1,36,1,1,7,2,35,1,1,7,2,35,1,15,7,1311116600,3,4
54,1,2,4,1,1,2,3,1,56,1,2,4,1,53,1,15,4,1,53,2,1,4,1111117000,4,4
16,1,1,4,3,2,0,12,1,15,1,1,3,1,15,1,8,3,1,15,1,8,3,1111117000,4,4
65,1,1,4,3,1,2,3,1,55,1,1,6,1,56,1,1,4,1,73,1,7,6,1111117400,2,3
42,1,1,6,1,1,3,4,1,43,1,1,4,1,37,1,1,6,1,30,1,1,6,1111117700,5,4
18,1,1,9,3,2,0,5,2,15,1,1,4,1,16,5,8,4,1,17,1,8,4,1111117800,4,4
20,1,1,9,3,2,0,3,1,17,1,3,2,2,16,1,8,4,1,25,3,1,2,1111117800,4,4
44,1,1,15,1,1,2,12,1,43,1,1,7,1,44,1,1,7,1,44,1,1,6,1111118500,4,4
42,2,1,15,1,1,2,7,1,40,5,1,6,2,42,1,1,7,2,44,1,6,6,1111118500,4,4
31,1,1,12,1,2,0,5,1,34,1,1,6,1,32,1,1,7,1,21,1,8,7,1311119000,2,3
26,2,1,9,1,2,0,3,2,24,1,1,6,2,32,1,6,5,2,27,1,1,7,1311119000,2,3
32,2,1,15,1,2,0,4,1,32,1,1,7,1,33,5,1,6,1,32,1,1,7,1911119100,2,3
35,1,1,14,1,2,0,5,1,35,1,1,7,1,35,1,1,7,1,52,1,1,6,1911119100,2,3
28,2,1,11,1,2,0,5,1,27,1,1,5,2,29,1,1,5,1,30,1,1,4,1811119100,2,3
22,1,1,13,3,2,0,15,1,21,1,1,5,2,45,1,1,5,1,28,1,1,7,1111119100,3,4
34,2,1,16,1,1,1,5,2,34,1,1,7,1,32,5,1,7,2,32,1,1,7,1311119400,3,4
32,1,1,16,1,1,1,10,1,32,1,1,7,1,32,1,1,7,2,34,1,1,7,1311119400,3,4
34,1,1,15,1,2,0,5,1,34,1,1,7,1,33,1,1,5,1,34,1,1,7,2111119710,1,1
23,2,1,14,3,2,0,5,2,22,1,1,5,1,35,1,1,7,2,22,1,8,7,2111119700,2,3
49,2,1,6,2,1,1,4,2,43,1,1,4,2,44,1,6,5,2,48,1,1,4,1111119900,3,4
77,2,1,4,3,1,2,6,2,90,1,1,3,2,73,1,6,3,2,82,1,6,2,1111120200,2,3
44,1,1,5,2,3,0,4,1,46,1,1,3,1,47,1,1,3,2,54,1,15,3,1111120300,2,3
65,1,1,3,1,1,1,3,1,74,1,1,2,1,65,1,1,2,1,64,1,1,2,1111121000,4,7
50,1,1,4,1,1,2,8,1,55,1,1,4,1,50,1,1,4,1,50,1,1,4,1111121200,4,4
48,2,1,4,1,1,2,7,2,43,1,1,4,2,46,1,1,4,2,43,1,2,6,1111121200,4,4
21,2,1,13,1,2,0,30,2,25,1,1,6,2,20,1,8,4,2,35,1,8,6,1111121200,4,4
51,2,1,5,1,1,2,6,1,51,1,1,5,2,50,1,1,6,2,55,1,6,3,1111121300,4,4
25,2,1,14,1,2,0,8,2,24,1,1,7,2,24,1,15,6,2,25,1,1,7,1111121300,4,4
35,2,1,6,1,4,1,15,2,36,1,1,6,2,34,1,1,5,1,30,1,1,6,1811121500,2,5
40,2,1,14,1,1,2,12,2,40,1,1,7,1,50,1,1,6,2,32,1,1,7,1611121600,4,4
42,1,1,14,1,1,2,15,1,44,1,1,7,1,46,1,1,7,2,35,2,1,7,1611121600,4,4
38,2,1,15,1,2,0,7,2,41,1,1,7,2,43,1,1,6,1,52,1,1,7,1411121600,1,1
63,1,1,3,3,1,1,6,1,65,1,1,2,1,60,1,7,6,1,70,1,7,2,1111121700,2,3
63,2,1,4,3,1,1,3,2,65,1,1,6,2,61,1,11,2,2,72,1,7,2,1111121700,2,3
73,2,2,3,3,5,0,8,2,73,1,2,2,2,69,1,7,2,2,70,2,11,2,1111121800,1,1
32,2,1,6,2,1,0,10,2,54,2,1,4,2,31,1,1,6,1,34,1,1,6,1411121900,2,3
32,2,1,14,1,1,1,8,2,33,1,1,4,2,33,1,1,7,1,36,1,1,7,1411122100,3,4
34,2,1,8,1,3,0,3,1,58,1,1,7,2,36,1,2,7,2,33,2,15,7,1111122100,2,2
60,2,1,4,3,1,2,6,2,44,5,1,7,1,50,1,1,3,2,55,1,6,5,1111122300,3,3
66,2,1,4,3,1,2,3,2,65,1,1,3,2,68,1,6,3,1,63,1,7,7,1111123500,2,3
69,2,1,5,3,5,2,7,2,68,1,1,6,2,52,5,1,7,2,60,1,6,3,1111124300,1,1
30,2,1,15,1,1,1,3,2,30,1,1,7,2,30,1,1,7,2,29,1,1,7,1511124400,3,4
29,1,1,14,1,1,1,4,1,29,1,1,6,1,29,1,1,4,1,31,1,1,7,1511124400,3,4
55,1,1,7,3,1,1,5,1,54,1,1,4,1,49,1,1,5,2,49,1,6,5,1111124400,2,3
81,1,1,14,3,1,4,6,1,82,1,1,3,1,62,1,7,7,1,60,1,7,7,1111125200,2,3
74,1,1,4,3,2,0,3,1,80,1,1,3,1,81,5,7,3,1,78,1,7,3,1111125300,2,2
78,2,1,3,3,5,2,4,2,78,1,1,3,1,75,1,6,3,2,78,1,6,3,1111125300,2,2
58,1,1,4,1,1,2,6,1,66,1,1,4,2,64,1,7,7,1,60,1,1,3,1111125500,4,4
73,1,1,4,3,3,0,3,2,50,5,1,4,1,60,5,1,6,1,70,1,7,3,1111125600,1,1
58,1,1,4,1,1,2,3,1,54,3,1,3,1,53,1,1,6,1,49,1,1,3,1111126000,4,4
49,2,1,5,3,1,2,3,2,49,1,1,3,2,49,1,1,6,2,49,1,2,6,1111126000,4,4
41,1,1,4,1,2,0,4,1,36,1,1,4,1,51,1,1,6,2,46,1,1,7,1111126200,3,4
62,2,1,4,2,1,2,4,2,55,1,1,5,2,55,1,1,5,2,55,1,1,5,1111126300,3,4
46,1,1,14,1,1,2,5,1,47,1,1,4,1,47,1,1,4,1,40,1,1,4,1111126500,4,4
46,2,1,15,1,1,2,20,2,46,1,1,7,2,48,1,1,7,2,53,1,9,7,1111126500,4,4
60,1,1,4,1,3,1,5,1,62,1,1,7,2,64,1,6,5,1,32,1,1,5,1111127200,1,1
70,2,1,14,3,5,3,5,2,70,1,1,7,2,70,1,7,7,2,66,1,7,7,1911127300,1,1
78,2,1,4,3,5,1,3,2,47,1,1,3,2,67,1,6,3,2,86,1,6,6,1111127900,1,1
76,2,2,3,3,1,4,4,2,48,4,3,5,1,45,4,1,6,1,42,1,1,6,1111128000,2,3
60,1,1,7,2,1,1,8,1,60,1,1,5,1,61,1,7,5,1,62,1,1,5,1111128800,2,3
59,2,2,14,1,1,1,8,2,58,1,1,7,1,60,1,1,5,2,56,2,6,4,1111128800,2,3
27,2,1,15,1,2,0,5,2,25,5,1,7,2,24,1,1,7,2,27,1,15,5,1911129000,2,3
26,1,1,4,1,2,0,3,1,28,1,1,4,1,26,1,15,4,1,26,1,1,4,1911129000,2,3
47,2,1,15,1,1,2,6,2,49,1,1,4,2,50,1,1,4,2,40,1,1,7,1111129200,4,4
49,1,1,4,1,1,2,10,1,46,1,1,4,1,23,1,1,4,1,44,1,1,4,1111129200,4,4
20,2,1,13,1,2,0,4,2,23,1,2,7,2,22,1,8,5,2,20,1,8,6,1111129200,4,4
16,2,1,4,3,2,0,5,1,17,1,1,4,2,17,1,8,4,2,15,1,8,3,1111129200,4,4
50,1,1,4,1,4,2,3,1,50,1,1,4,1,52,1,15,4,1,51,1,15,4,1811129400,1,1
60,1,1,14,1,1,3,5,1,57,1,1,4,1,60,1,7,4,1,60,1,1,4,1111129500,2,3
32,1,1,11,1,2,0,8,1,32,1,1,5,1,32,1,1,6,1,33,1,1,4,1911129500,1,1
35,1,1,15,1,1,0,7,1,34,1,2,7,1,34,1,1,7,1,34,2,1,7,1611129500,2,3
32,2,1,15,1,1,0,5,2,34,1,1,7,2,31,5,1,7,2,33,1,15,7,1611129500,2,3
30,2,1,15,1,1,1,4,2,34,1,1,7,2,31,1,1,7,2,31,1,15,6,1811129500,3,4
36,1,1,5,1,1,1,5,1,37,1,1,7,1,36,1,1,4,1,36,1,1,6,1811129500,3,4
29,2,1,12,1,2,0,5,2,26,1,1,7,2,28,1,1,7,1,31,2,1,6,1911129700,2,2
31,1,2,16,1,2,0,7,1,30,1,2,7,2,30,1,2,7,2,30,2,1,7,1911129700,2,2
24,1,1,11,3,2,0,5,2,24,1,1,7,1,23,1,2,4,1,24,1,1,6,1111130100,3,4
80,1,1,4,3,1,2,8,1,73,1,1,2,1,62,1,1,7,1,55,1,1,4,1111130200,2,3
69,2,1,5,3,1,2,3,2,67,1,1,4,2,68,1,7,6,2,67,1,7,3,1111130300,2,3
41,1,1,6,1,2,0,3,1,40,1,1,5,1,39,1,1,7,1,42,1,1,5,2011130300,1,1
81,2,1,4,3,5,4,8,2,84,1,1,4,2,82,1,7,3,2,80,1,6,3,1111131200,1,1
64,1,1,4,1,2,0,5,1,65,1,1,2,1,70,1,7,2,1,68,1,7,2,1111131300,1,1
64,2,1,6,3,2,0,3,1,45,1,1,7,2,64,1,1,3,2,64,1,6,3,1111131400,2,5
35,2,1,15,1,1,1,6,2,35,1,1,7,2,35,1,1,7,2,36,1,1,7,1611132010,3,4
33,2,1,16,1,1,1,4,2,35,3,1,7,2,30,3,1,7,2,58,1,1,5,1611132000,3,4
30,2,1,15,1,2,0,6,2,32,5,1,6,2,30,1,1,7,1,37,1,1,5,2111132000,1,1
73,1,1,4,3,1,2,3,1,55,1,1,3,1,50,1,1,3,1,65,1,7,3,1111132300,2,3
38,1,1,15,1,1,2,10,1,38,1,1,6,1,38,1,1,6,2,37,1,1,7,1511132400,4,4
59,1,1,5,3,1,2,6,1,58,1,1,7,1,58,1,7,6,1,61,2,7,5,1111132700,2,3
32,2,1,16,1,4,0,20,2,32,1,1,7,2,36,1,1,7,2,34,1,1,7,1411132700,1,1
68,1,1,3,3,1,2,4,1,55,1,1,6,1,43,1,1,6,1,65,1,7,5,1111132900,2,3
47,1,1,15,1,1,2,5,2,41,3,1,7,1,47,1,1,6,1,41,1,1,7,1111133100,3,4
45,2,1,14,1,1,2,8,2,44,1,1,7,2,30,1,1,7,2,45,1,1,7,1111133100,3,4
18,2,1,9,3,2,0,4,1,19,1,1,4,2,17,1,8,4,2,22,1,8,5,1111133400,3,4
21,2,1,13,3,2,0,7,2,21,1,1,5,2,20,1,8,5,1,21,1,8,5,1111133600,5,4
38,2,1,14,1,1,1,4,2,38,1,1,7,2,27,1,1,6,2,33,1,1,7,1911134000,3,4
38,1,1,15,1,1,1,4,1,42,1,1,7,1,38,1,2,7,1,37,1,15,6,1911134000,3,4
44,1,1,15,1,1,1,5,1,44,1,1,5,1,41,1,1,7,1,36,1,1,5,1111134300,3,4
40,2,1,14,1,1,2,4,2,41,1,1,7,1,42,3,1,3,2,39,1,15,6,1111134400,4,4
48,1,1,15,1,1,2,10,1,48,1,1,7,1,48,1,1,7,1,47,1,1,5,1111134500,4,4
44,2,1,8,1,1,2,5,2,43,1,1,7,2,40,1,1,6,2,50,2,1,7,1111134500,4,4
47,1,1,14,1,1,2,3,1,50,1,1,4,1,45,1,1,6,1,46,1,2,3,1111134600,4,4
45,2,1,14,1,1,2,6,2,41,1,1,7,1,44,1,1,6,2,53,1,1,5,1111134600,4,4
37,1,1,4,1,3,1,4,1,48,1,2,4,1,48,1,1,4,2,42,2,6,4,1111134700,2,3
37,1,1,15,1,1,2,3,1,37,1,1,7,1,33,3,1,7,1,37,1,1,6,1211134800,4,4
33,1,1,12,1,1,1,3,1,35,1,1,6,1,34,5,1,7,1,33,1,1,6,1911134800,3,4
30,2,1,12,1,1,1,4,2,30,1,1,7,2,34,1,2,6,2,32,1,1,6,1911134800,3,4
62,2,1,5,3,1,2,4,2,70,1,1,6,2,61,1,1,5,2,60,1,1,6,1111135100,3,4
40,2,1,14,2,3,1,3,2,35,3,1,7,2,67,5,6,5,1,43,1,1,7,1111135400,2,5
58,1,1,4,1,3,3,6,1,58,1,1,7,2,55,1,1,7,2,58,1,6,4,1111135700,4,4
29,2,1,15,1,2,0,4,2,27,1,1,7,2,28,1,15,7,2,32,3,1,6,1911135700,3,4
35,1,1,8,1,3,1,4,1,35,1,3,7,1,33,1,1,6,2,32,3,2,6,1911135700,3,4
16,1,1,4,3,2,0,15,1,15,1,1,3,1,16,1,8,3,2,15,1,8,3,1111136200,4,4
71,1,1,7,3,1,2,7,1,70,1,1,4,1,70,1,7,4,1,69,1,7,5,1111136700,2,3
64,2,1,16,3,1,2,6,2,64,1,1,4,1,71,1,7,7,2,68,1,7,5,1111136700,2,3
40,1,1,14,1,2,0,4,2,40,1,1,7,2,39,1,1,7,1,39,1,1,7,1711136700,1,1
48,2,1,15,2,1,1,3,2,45,1,1,7,2,55,1,15,7,1,50,2,15,7,1111137400,3,4
54,2,1,8,1,4,0,3,2,48,1,1,4,2,70,1,7,4,1,68,2,7,4,1111137500,1,1
37,2,1,5,1,1,2,3,1,42,1,1,4,2,30,5,2,4,1,32,1,1,4,1111137800,6,7
65,2,2,3,3,1,2,10,2,62,5,2,2,2,58,1,6,2,2,70,1,7,2,1111138700,2,3
48,2,1,4,1,1,2,6,2,49,1,2,7,2,36,1,1,5,2,51,1,1,7,1111139000,4,4
25,2,1,9,1,2,0,4,2,23,1,1,3,2,24,1,2,6,2,22,1,8,6,1111139000,4,4
89,2,1,4,3,5,2,4,2,50,1,1,4,2,50,1,6,4,2,50,1,6,4,1111139300,1,1
30,2,1,14,1,1,1,4,2,30,1,1,7,2,30,1,1,4,2,28,1,1,7,1911140500,3,4
30,1,1,11,1,1,1,20,1,30,1,1,6,1,31,1,1,7,1,32,1,1,4,1911140500,3,4
59,2,2,14,3,1,2,10,1,62,1,2,7,2,59,1,1,7,2,54,2,1,7,1111140600,3,4
61,1,2,15,1,1,2,3,1,60,1,2,7,1,61,1,7,7,1,65,2,7,6,1111140700,2,3
59,1,1,15,1,2,0,5,2,50,1,1,5,1,65,1,7,5,2,80,2,6,4,1111140900,1,1
19,2,1,9,3,2,0,12,2,18,1,2,4,1,17,1,8,4,2,17,1,8,4,1111141400,5,4
68,1,2,16,1,1,4,4,1,75,1,1,7,1,45,1,1,7,1,70,2,1,7,1111141700,2,3
39,1,2,16,1,1,2,3,1,34,1,1,5,1,41,1,1,5,1,40,1,1,7,1411141700,4,4
35,2,2,15,1,2,0,3,2,32,1,1,7,2,37,1,1,7,1,34,1,1,7,1411141710,1,1
32,2,1,14,1,1,0,10,2,32,1,1,6,2,29,3,1,7,2,33,1,1,7,1211142000,2,3
33,1,1,14,1,1,0,7,1,32,1,1,7,1,34,1,15,7,1,39,1,1,7,1211142000,2,3
63,1,1,4,1,1,1,5,1,63,1,1,7,1,63,1,7,7,1,58,1,1,7,1111142300,4,4
31,1,1,5,1,2,0,7,1,32,1,1,6,1,38,1,1,6,1,33,1,1,4,1511142700,2,3
56,2,1,14,1,2,0,5,2,63,1,1,4,2,55,1,2,4,1,53,1,1,7,1111143700,1,1
53,2,1,4,1,1,3,12,2,40,3,1,3,2,80,2,7,3,2,19,1,8,5,1111144000,4,4
62,1,2,4,1,1,3,15,1,51,3,1,3,2,90,2,7,3,1,28,1,1,3,1111144000,4,4
29,1,1,9,1,2,0,15,1,30,5,1,3,1,28,5,1,3,1,27,1,1,3,1111144000,4,4
20,2,1,13,3,2,0,6,2,19,1,1,3,2,20,1,8,3,2,19,1,8,3,1111144000,4,4
32,2,1,15,1,2,0,6,2,54,2,1,5,2,31,1,1,7,2,32,1,15,7,1111144100,2,3
39,2,1,15,1,1,2,4,2,36,5,1,7,2,39,1,1,7,2,36,1,6,7,1211144400,4,4
48,1,1,14,1,1,2,4,1,47,1,1,5,1,44,1,1,6,1,42,1,1,4,1111144700,4,4
18,1,1,13,3,2,0,8,1,17,1,1,4,1,18,1,8,5,1,18,2,8,4,1111144700,4,4
47,2,1,14,1,1,2,15,1,41,1,1,7,2,42,1,1,6,2,43,1,1,7,1111144900,4,4
50,1,1,5,1,1,2,12,1,48,1,1,3,1,44,1,1,6,1,47,1,1,6,1111144900,4,4
46,2,1,14,1,1,2,6,2,40,1,1,7,2,43,1,1,7,1,46,1,1,6,1111145100,4,4
47,1,1,5,1,1,2,3,1,45,1,1,6,1,45,1,1,7,2,44,1,1,7,1111145100,4,4
34,2,1,4,1,2,1,20,2,33,1,1,7,2,33,1,1,7,2,33,1,15,6,1411146200,3,4
52,1,1,4,1,1,2,8,2,42,1,2,6,1,54,1,1,4,1,50,1,1,4,1111146600,4,4
47,2,2,5,1,1,2,7,2,47,1,1,4,2,42,1,1,4,2,39,1,1,7,1111146600,4,4
23,2,1,9,1,2,0,10,2,24,1,1,7,1,32,1,1,7,2,21,1,2,7,1111146600,4,4
17,1,1,9,3,2,0,9,1,17,1,2,5,1,17,1,8,5,1,16,1,8,5,1111146600,4,4
70,1,1,14,3,1,1,12,1,50,1,1,6,2,80,1,7,6,1,49,1,1,7,1111147200,2,3
50,2,1,14,1,1,2,3,2,49,1,1,7,2,49,1,1,7,2,42,1,1,7,1111148100,4,4
40,1,1,14,1,1,3,3,1,39,1,1,7,2,37,1,1,7,1,38,1,1,7,1111148400,5,4
45,1,1,6,1,1,1,5,1,45,1,1,4,1,55,1,1,5,1,40,1,1,4,1311148700,3,4
43,2,2,15,1,1,1,4,2,43,1,2,7,2,42,1,1,7,2,43,1,1,7,1311148700,3,4
38,2,1,14,1,1,2,5,2,52,1,2,4,2,40,1,1,7,2,45,1,1,6,1111148800,4,4
28,2,1,11,1,2,0,4,2,31,1,1,7,2,28,1,1,3,2,27,2,2,6,1511148800,1,1
43,2,1,4,1,1,2,4,2,42,1,1,4,2,52,5,2,4,2,47,1,6,4,1111149000,4,4
46,1,1,5,1,1,2,3,1,56,5,1,4,1,48,1,1,4,1,46,1,1,4,1111149000,4,4
17,1,1,4,3,2,0,3,1,15,1,1,3,1,16,1,8,3,1,16,1,8,3,1111149000,4,4
37,2,1,14,1,1,2,12,2,37,1,1,6,2,36,1,1,7,2,39,1,2,4,1111149100,4,4
60,1,1,5,1,1,2,6,1,54,5,1,4,2,59,5,2,4,1,64,1,1,4,1111149200,2,3
59,2,1,4,1,1,2,5,2,61,3,1,4,2,61,1,1,4,2,46,1,1,4,1111149200,2,3
34,1,1,15,1,1,0,5,1,33,1,1,7,1,32,1,1,7,1,34,1,1,7,1211149200,2,3
33,2,1,14,1,1,0,3,2,31,1,1,7,1,32,1,1,7,2,28,1,1,6,1211149200,2,3
44,1,1,4,1,1,2,3,1,40,1,1,7,1,38,5,1,6,1,29,1,1,6,1111149300,4,4
39,2,1,6,1,1,2,3,2,37,1,1,6,2,41,5,6,5,2,60,1,1,5,1111149300,4,4
71,2,1,3,3,1,4,4,2,71,1,1,3,1,75,1,7,3,2,69,1,6,3,1111149500,2,3
80,2,1,4,3,1,3,10,2,74,1,1,4,2,74,1,6,3,2,82,1,6,3,1111149600,2,3
58,1,1,4,1,2,0,4,1,58,1,1,3,2,53,1,1,7,1,58,1,1,3,1111149900,1,1
68,2,1,3,3,1,2,3,2,68,1,1,4,2,70,1,6,4,2,72,1,6,4,1111150100,2,3
41,1,1,5,1,1,2,4,1,40,1,1,4,1,40,1,1,7,1,40,1,1,7,1111150200,4,4
51,2,2,7,1,1,1,5,2,40,1,1,3,2,45,3,1,3,2,35,1,1,7,1111151100,4,4
73,1,2,7,3,1,2,30,1,65,1,1,4,1,67,1,7,4,1,67,1,7,4,1111151500,3,3
26,1,3,14,3,2,0,3,1,26,1,1,7,2,57,2,9,4,2,21,1,8,7,1111151700,6,7
78,2,1,4,3,5,3,5,2,67,1,1,4,2,67,1,6,4,2,67,1,6,3,1111151800,1,1
17,2,1,9,1,2,0,5,2,17,1,1,4,1,17,1,8,4,2,17,1,8,4,1111151900,4,4
20,1,1,13,2,2,0,5,2,22,1,1,5,1,20,1,8,5,1,20,1,8,5,1111151900,4,4
55,2,1,4,1,1,0,6,2,55,1,1,3,2,51,1,15,4,1,49,1,1,6,1111152000,3,3
46,1,1,15,1,1,2,4,1,46,1,1,7,1,46,1,15,5,1,48,1,15,6,1111152100,4,4
44,2,1,15,1,1,2,5,2,38,1,1,5,2,37,1,1,6,2,45,1,1,7,1111152100,4,4
58,2,3,4,2,3,3,3,2,60,1,3,3,2,60,1,9,5,2,58,1,1,3,1111152400,2,3
60,1,1,4,3,2,0,4,2,58,5,3,3,1,70,3,7,3,2,61,1,6,3,1111152400,2,3
59,2,1,4,1,1,1,3,2,58,1,1,6,2,35,1,1,4,2,32,1,1,7,1111152600,2,3
31,2,1,16,1,1,0,8,2,31,1,1,7,2,30,1,1,7,2,30,1,15,6,1811152600,2,3
34,1,1,15,1,1,0,6,1,33,1,1,4,1,33,1,1,6,1,31,1,1,5,1811152600,2,3
65,2,1,4,3,1,1,4,2,67,1,1,4,2,70,1,6,3,1,65,1,7,4,1111152800,2,3
65,1,1,4,1,1,1,4,1,60,1,1,3,2,64,1,7,2,1,70,1,7,4,1111152900,3,4
23,1,1,12,2,2,0,3,1,22,1,1,6,1,20,1,8,5,2,28,1,15,7,1111152900,3,4
45,1,1,15,1,1,2,4,1,48,3,1,6,1,40,5,1,6,1,44,1,1,7,1111153100,4,4
42,2,2,5,3,1,2,5,2,41,1,1,7,2,42,1,1,6,2,40,1,2,6,1111153100,4,4
33,2,1,11,1,1,1,3,2,37,1,1,6,2,35,1,1,7,2,36,1,1,7,1411153400,3,4
32,2,1,5,1,1,1,4,2,37,1,1,7,2,30,1,1,7,2,34,1,1,6,1311153400,5,7
72,2,1,4,3,1,1,3,2,68,1,1,3,2,62,1,6,5,1,65,1,7,3,1111153800,2,3
61,2,1,7,3,1,2,3,1,62,1,1,7,2,62,1,7,7,2,59,1,6,6,1111154300,3,4
66,1,1,5,3,1,2,15,1,65,5,1,6,1,66,1,7,3,2,63,1,6,6,1111154300,3,4
32,2,1,15,1,1,2,4,2,31,1,1,5,2,32,1,2,7,1,31,1,1,7,1411154300,4,4
91,2,1,4,3,5,1,4,1,80,1,1,3,2,80,1,6,3,2,70,1,6,3,1111154400,1,1
41,2,2,15,1,1,0,4,2,63,1,2,7,2,55,1,1,7,1,54,2,1,7,1111154800,2,3
41,1,1,16,1,2,1,3,1,41,1,1,7,1,44,1,1,4,2,34,1,1,4,1111154900,3,4
29,1,1,12,1,2,0,15,1,28,1,1,7,1,28,1,2,7,2,30,1,8,6,1611155010,4,2
72,1,2,5,3,1,0,5,1,70,1,1,7,1,73,1,7,3,1,80,1,7,3,1111155200,2,3
60,2,1,3,3,1,3,4,2,56,1,1,3,2,55,1,6,3,2,57,1,6,3,1111155400,2,3
34,1,1,6,1,2,0,4,1,39,1,1,6,1,37,1,1,7,1,33,1,1,5,2011155400,1,1
31,2,1,14,1,1,0,6,2,34,1,1,6,1,33,1,15,7,2,30,1,1,7,1611155400,2,3
67,1,1,3,3,1,2,10,1,67,1,2,6,2,65,3,1,4,1,62,1,1,4,1111155500,3,3
74,2,1,3,3,5,2,5,2,77,3,1,4,1,87,5,7,4,2,70,1,7,6,1811155810,1,1
23,1,1,11,1,2,0,3,1,22,1,1,3,2,21,1,1,4,1,21,1,8,3,1111156200,5,4
20,2,1,13,3,2,0,5,2,20,1,1,7,2,20,1,8,7,1,20,1,8,7,1111156200,5,4
49,2,1,6,1,2,0,4,2,48,1,1,7,1,45,1,1,5,2,48,1,6,5,1111156300,1,1
49,2,1,14,1,1,2,20,2,48,1,1,7,2,48,1,1,7,2,47,1,1,7,1111156900,4,4
48,1,1,4,1,1,2,6,1,47,1,1,7,1,47,1,1,7,1,47,1,1,7,1111156900,4,4
18,2,1,9,3,2,0,18,2,17,1,1,4,2,17,1,8,4,1,17,1,2,4,1111156900,4,4
33,2,1,9,3,2,1,5,1,28,1,1,4,2,28,1,1,4,1,33,2,15,4,1611157000,3,4
35,1,1,4,1,2,1,10,1,33,1,2,3,1,28,1,1,4,1,28,1,15,3,1611157000,3,4
30,1,1,9,1,2,0,5,1,28,1,1,4,1,29,1,1,5,1,26,1,1,6,1811157000,2,3
30,2,1,14,1,2,0,3,2,29,1,1,7,2,27,1,1,7,2,31,1,1,7,1811157000,2,3
44,2,1,16,1,1,2,4,2,50,1,1,7,1,46,1,1,7,2,45,1,6,5,1111157200,4,4
60,1,1,5,1,1,3,6,1,60,1,1,4,1,59,1,1,4,1,64,1,7,7,1111157300,2,3
31,2,1,16,1,2,0,5,2,29,1,2,7,2,30,1,15,5,2,30,1,1,7,1911157310,2,2
45,2,1,14,1,1,2,4,2,40,1,1,7,2,41,5,1,3,1,40,1,1,3,1111158300,4,4
46,1,1,4,1,1,2,10,1,40,1,1,3,1,42,1,1,3,1,29,1,1,3,1111158300,4,4
64,1,1,4,3,2,0,6,1,68,1,1,2,1,64,1,1,2,1,63,1,1,2,1111159100,1,1
76,1,1,5,3,1,3,4,1,78,1,1,6,2,60,1,1,6,1,77,1,7,2,1111159600,2,3
60,1,1,5,1,1,3,4,1,59,1,1,5,1,50,1,1,6,1,62,1,1,4,1111159800,4,4
18,1,1,13,3,2,0,3,1,17,1,1,5,2,18,1,8,5,1,17,1,8,5,1111159800,4,4
40,2,1,5,1,1,2,15,2,45,1,1,4,2,38,1,1,6,2,52,1,1,4,1111159900,4,4
77,2,1,4,3,1,3,20,2,84,1,1,4,2,77,5,6,4,2,58,1,6,4,1111160000,2,3
43,2,2,5,1,1,1,7,2,40,1,1,6,2,40,1,1,4,2,42,1,1,6,1111160100,3,4
45,1,1,4,1,1,1,7,1,45,1,1,3,1,47,1,1,6,1,47,1,1,3,1111160100,3,4
44,2,2,4,2,1,1,4,2,49,1,1,3,1,51,1,1,3,2,45,1,6,3,1111161300,3,4
54,1,1,4,1,1,2,5,1,50,1,1,6,1,55,1,1,7,1,53,1,1,6,1111161400,4,4
44,2,1,6,3,1,3,12,2,43,1,1,6,2,42,1,6,5,2,41,1,1,4,1111162100,5,4
78,2,1,4,3,1,2,4,2,80,1,1,3,2,80,1,7,3,2,78,1,6,3,1111162400,2,3
77,1,1,4,3,1,2,3,1,76,1,1,2,1,76,1,7,2,1,75,1,7,3,1111162400,2,3
37,2,1,16,1,1,0,4,2,37,1,1,7,2,34,3,1,7,2,36,2,1,7,1311162500,2,3
34,1,1,14,1,1,0,5,1,36,1,1,6,1,32,1,1,7,1,35,1,1,6,1311162500,2,3
34,2,1,15,1,1,1,8,2,37,3,1,7,2,33,3,15,6,2,34,1,1,7,1413162500,3,4
41,1,1,15,1,1,1,5,1,41,1,1,5,1,40,1,1,7,1,40,1,1,4,1413162500,3,4
44,2,1,7,3,1,0,5,2,43,1,1,7,2,43,1,1,7,2,43,1,1,6,1111162900,2,3
47,1,1,6,1,1,0,4,1,47,1,1,6,1,46,1,1,7,2,45,1,1,6,1111162900,2,3
43,1,1,5,1,1,0,3,1,42,1,1,6,1,41,1,9,6,1,40,1,1,7,1111163500,2,3
41,2,1,6,1,1,0,4,2,35,1,1,6,1,40,1,1,4,2,31,1,1,7,1111163500,2,3
54,2,1,7,1,1,2,5,2,42,1,1,6,2,53,1,1,4,2,50,1,2,6,1111163600,4,4
47,2,1,8,1,1,2,8,1,52,1,1,7,2,47,1,6,5,2,52,1,1,6,1111164300,4,4
52,1,1,4,1,1,2,4,1,52,1,1,4,1,52,1,1,5,1,53,1,1,7,1111164300,4,4
38,2,1,5,2,1,2,4,2,38,1,3,4,2,38,1,15,7,2,39,1,15,7,1111164800,4,4
55,2,1,7,1,1,2,3,2,50,5,1,4,2,47,5,1,6,1,50,1,1,7,1111164900,3,4
28,2,1,16,1,2,0,6,2,24,3,1,7,2,28,1,9,6,1,27,1,1,7,2011164900,2,3
32,1,1,14,1,2,0,5,1,32,1,1,7,1,32,1,1,7,1,32,1,1,4,2011164900,2,3
87,1,2,2,3,5,3,5,1,78,1,1,2,1,80,1,7,2,1,80,1,7,2,1111165600,1,1
52,2,1,14,1,1,2,13,2,52,1,1,7,2,52,1,1,7,2,53,1,1,7,1111165900,3,4
53,1,1,14,1,1,2,6,1,55,1,1,5,1,55,1,1,4,1,57,1,1,7,1111165900,3,4
59,2,1,14,1,1,2,7,2,63,5,1,4,2,61,1,7,6,2,59,1,1,6,1111166000,2,3
68,1,1,4,3,1,2,8,1,59,1,1,4,1,54,1,1,7,2,60,1,1,7,1111166000,2,3
35,1,1,7,1,4,0,4,1,34,1,1,7,1,34,1,1,7,1,33,1,15,4,1811166000,1,1
32,2,1,15,2,2,0,4,2,31,5,1,7,2,31,1,1,7,1,40,1,1,7,1911166000,1,1
51,1,1,4,1,1,1,14,1,51,1,1,4,1,52,5,2,4,2,51,2,1,4,1111166300,3,4
41,2,1,6,2,1,0,4,2,45,1,1,6,2,38,1,1,7,2,40,1,15,6,1111167000,2,3
41,2,1,14,1,1,1,3,2,39,1,1,7,2,45,1,1,7,2,43,1,1,7,1111167500,3,4
50,1,2,7,1,1,1,10,1,48,1,1,7,1,49,1,1,5,2,50,2,1,5,1111167500,3,4
45,2,2,4,3,1,2,4,2,46,5,1,4,2,45,1,6,4,2,46,1,6,4,1111167800,4,4
56,2,1,4,1,5,2,7,2,54,1,1,5,2,66,1,7,4,2,52,1,1,4,1111168400,1,1
81,1,1,3,3,1,2,4,1,81,1,1,2,1,75,1,7,2,1,75,1,7,2,1111168500,2,3
80,2,1,4,3,5,1,10,2,64,1,1,3,2,70,1,6,2,2,75,1,7,4,1111169300,1,1
53,1,1,4,1,1,0,3,1,53,1,1,6,1,53,1,1,6,1,53,1,1,4,1111169800,2,3
50,2,1,4,1,1,0,4,2,50,1,1,4,2,60,1,1,4,2,54,1,1,7,1111169800,2,3
48,2,1,15,1,2,0,50,2,47,1,1,5,2,43,1,15,4,1,52,1,1,7,1111170000,3,4
55,1,1,5,3,1,1,10,1,54,1,1,6,1,63,1,1,4,1,57,1,1,4,1111170900,4,7
53,2,1,4,1,1,1,10,2,56,1,1,6,1,63,1,1,4,2,55,1,1,4,1111170900,4,7
26,1,1,15,1,2,0,7,1,26,1,1,7,1,26,1,1,5,2,24,1,8,5,1911170900,2,3
62,1,1,6,3,4,2,8,1,57,1,1,6,1,60,1,1,7,1,54,1,1,5,1111171400,4,2
53,2,1,4,1,1,1,4,2,50,1,1,6,2,47,1,1,5,2,47,1,1,5,1111171500,2,3
53,1,1,5,1,1,1,3,1,53,1,1,6,1,46,1,1,6,1,52,1,1,6,1111171500,2,3
25,1,1,16,3,2,0,3,1,25,1,1,7,1,25,1,8,7,1,25,1,8,7,2111171500,2,3
63,1,1,6,3,1,2,5,1,63,1,1,5,1,67,1,7,5,1,62,1,1,4,1311171600,2,3
34,1,1,6,2,2,0,6,1,31,1,1,5,1,34,1,2,7,2,30,1,15,7,1111171800,1,1
72,2,1,5,3,1,3,6,2,81,1,1,5,1,85,1,7,5,1,68,1,7,7,1111172300,2,3
48,1,1,4,1,1,3,7,1,46,1,1,4,1,50,1,1,4,1,49,1,1,4,1111172600,5,4
48,2,1,8,1,1,3,5,1,48,1,1,4,2,37,1,6,6,2,43,1,2,6,1111172600,5,4
20,1,1,9,1,2,0,7,1,20,1,1,5,1,19,1,8,5,1,23,1,8,5,1111172600,5,4
49,2,1,15,1,1,2,4,2,64,1,2,7,2,46,1,1,5,2,52,1,1,7,1111173300,4,4
20,1,1,13,3,2,0,5,2,20,1,1,6,1,19,1,8,7,2,19,1,8,7,1111173300,4,4
54,2,1,16,1,1,2,16,2,50,1,1,7,1,49,1,1,7,1,51,1,1,7,1111173700,5,4
51,1,1,15,1,1,2,15,1,51,1,1,6,2,46,1,1,7,2,51,1,1,7,1111173700,5,4
33,2,1,6,1,1,2,3,2,34,1,1,6,1,36,1,1,6,2,35,1,1,7,1111173800,4,4
41,1,2,15,1,2,0,3,2,39,1,1,7,1,40,1,1,7,1,40,1,15,7,1111174100,2,2
39,1,1,5,1,1,2,6,1,36,1,1,7,1,36,1,1,6,2,33,1,1,7,1611174200,4,4
37,2,1,6,1,1,2,6,2,28,1,1,7,1,36,1,15,7,2,28,2,15,6,1611174200,4,4
67,2,1,6,3,2,0,5,2,66,1,1,6,1,69,5,7,5,2,64,1,7,6,1111174500,1,1
65,1,1,6,3,1,3,7,1,63,1,2,6,1,52,1,1,6,1,37,1,1,6,1111174600,2,3
53,2,2,7,1,1,2,5,2,49,1,1,7,2,64,1,15,6,1,53,1,1,7,1111174900,2,3
53,2,1,6,1,1,2,4,2,52,1,2,6,1,60,1,1,6,2,52,2,1,5,1111175200,2,3
59,1,1,5,1,1,2,4,1,60,1,1,4,1,59,1,15,3,2,52,2,1,6,1111175200,2,3
34,2,1,6,1,2,1,6,2,33,1,1,6,2,33,1,1,6,1,35,1,15,5,1511175200,3,4
34,1,1,4,1,2,1,7,1,34,1,1,6,1,33,1,1,6,1,35,1,1,4,1511175200,3,4
31,2,1,15,1,2,0,8,1,28,1,1,7,2,36,1,1,7,2,32,1,1,7,1611175200,1,1
45,1,1,14,1,2,0,5,1,45,1,1,7,2,45,5,1,5,1,46,1,15,7,1711175400,1,1
67,2,1,5,3,1,5,5,2,53,1,1,7,2,50,1,1,6,2,51,1,1,7,1111175500,2,3
58,2,2,4,3,1,4,4,2,62,5,1,5,1,63,1,1,4,2,61,2,6,4,1111175900,5,4
75,2,3,7,3,5,0,10,2,76,1,1,4,2,68,1,7,6,2,68,1,7,6,1111176900,1,1
77,2,2,2,3,1,2,6,2,70,1,1,2,2,72,1,7,1,2,45,2,2,6,1111177500,2,3
78,1,2,2,3,1,2,3,1,70,1,2,2,1,60,1,11,5,1,78,2,7,2,1111177500,2,3
62,1,1,4,3,1,3,4,1,61,1,1,6,1,63,1,9,6,1,64,1,1,6,1111178200,3,4
60,2,1,4,1,1,3,8,2,54,1,1,3,2,49,1,2,3,2,54,1,2,3,1111178200,3,4
49,1,2,7,1,1,1,4,1,62,1,1,7,1,58,1,1,6,1,63,1,7,3,1111178300,3,4
46,2,2,7,1,1,1,3,2,46,1,1,3,2,47,1,15,4,2,45,1,15,6,1111178300,3,4
70,2,1,4,3,1,4,10,2,80,1,1,3,2,71,5,6,3,2,71,1,6,3,1111178700,2,3
73,1,1,4,3,1,4,5,1,50,1,1,6,1,75,1,7,3,1,65,2,7,3,1111178700,2,3
82,1,1,3,3,1,3,4,1,80,1,1,2,2,78,1,6,2,1,80,1,7,2,1111179900,2,3
79,2,1,3,3,1,3,8,1,80,1,1,2,2,77,1,6,2,2,75,1,7,2,1111179900,2,3
80,2,1,3,3,2,0,5,2,85,5,1,2,2,87,1,7,2,2,85,1,7,7,1111179700,1,1
39,1,1,4,1,3,2,4,2,36,5,1,4,1,38,1,2,4,1,40,1,1,4,1611180500,4,4
31,2,1,6,1,4,0,10,2,32,1,1,6,2,37,5,1,6,2,67,1,7,6,1611180500,4,4
86,2,1,4,3,5,1,20,2,67,1,1,2,2,68,1,7,3,2,69,1,7,2,1111180700,2,2
46,2,1,6,1,3,1,5,2,50,1,1,5,2,46,1,1,6,2,51,1,1,4,1111180900,2,5
77,2,1,4,3,2,0,4,1,86,1,1,2,2,87,1,11,2,2,90,1,11,2,1111182100,2,2
49,2,1,15,1,1,0,3,2,37,1,1,7,2,40,1,1,5,1,46,1,1,7,1111182800,2,3
37,1,1,16,1,1,0,5,1,36,1,1,7,1,36,1,1,7,1,38,1,1,6,1211183100,2,3
64,1,1,14,3,1,3,12,1,65,1,1,7,1,66,1,7,6,1,68,1,7,7,1111183200,2,3
59,2,1,7,3,1,3,10,2,61,1,1,7,1,65,1,7,7,2,60,1,6,3,1111183200,2,3
39,2,1,15,1,2,1,4,2,40,1,1,7,1,38,1,1,7,1,36,1,2,7,1511183200,3,4
36,2,1,16,1,1,1,3,2,36,1,1,7,2,36,1,1,7,2,37,1,1,7,1411183200,3,4
67,1,1,14,3,1,3,6,1,65,1,1,5,1,55,5,1,7,2,63,1,7,7,1111183300,3,4
60,2,1,14,1,1,3,7,2,63,3,1,7,2,35,4,1,7,1,37,1,1,7,1111183300,3,4
24,2,1,14,1,2,0,7,2,24,1,1,5,2,24,1,2,7,2,28,1,1,7,1111183300,3,4
74,2,2,4,3,5,3,6,2,73,1,2,3,2,87,1,7,7,2,77,1,6,3,1111183600,1,1
38,2,1,16,1,2,0,5,2,39,1,1,7,2,36,1,1,7,2,39,1,1,7,1211183600,1,1
41,1,2,16,1,1,2,3,1,50,1,2,7,1,52,3,1,5,1,40,1,1,7,1111183800,4,4
41,2,2,15,1,1,1,5,2,42,1,2,7,2,42,1,1,7,2,40,2,1,7,1111184300,3,4
49,2,2,6,1,1,2,3,2,45,1,1,7,1,50,1,1,3,2,46,1,1,7,1111184400,4,4
21,1,1,13,3,2,0,5,1,21,1,1,5,1,21,1,8,3,1,21,1,8,6,1111184400,4,4
70,1,1,4,3,1,2,4,1,71,1,1,6,1,68,1,7,6,1,70,1,7,6,1111184600,2,3
79,2,2,5,3,5,1,9,2,55,1,2,5,2,68,1,7,4,2,47,2,6,5,1111185000,3,2
63,1,2,7,3,1,2,30,1,63,1,2,4,2,63,5,6,4,1,71,2,7,4,1111185200,2,3
58,2,3,4,3,1,2,5,2,75,1,2,4,2,65,1,6,4,2,62,1,6,4,1111185200,2,3
36,1,1,4,1,2,1,4,1,36,1,1,3,1,35,1,1,6,1,35,1,1,6,1211185200,3,4
31,1,1,4,1,2,0,4,1,30,1,1,7,1,30,1,1,4,2,30,1,1,7,1911185200,3,4
64,2,2,4,3,1,3,6,2,70,1,1,6,2,71,1,7,6,1,70,1,7,7,1111185300,3,4
70,1,2,5,3,1,3,15,1,70,1,2,6,1,71,1,7,6,1,74,1,7,6,1111185300,3,4
36,1,2,5,1,2,0,5,1,35,1,1,7,1,35,1,1,6,1,35,1,1,6,1111185300,3,4
51,1,2,15,1,1,1,5,1,53,1,2,5,1,51,1,1,5,1,51,1,1,3,1111186400,2,3
27,1,2,12,1,2,0,7,1,24,1,1,5,1,26,1,1,6,1,25,1,1,7,2111186400,2,3
28,2,1,9,1,2,0,3,2,26,1,1,6,1,21,1,1,4,1,28,1,1,6,1611186500,2,5
66,1,1,3,3,1,2,5,1,70,5,1,6,2,67,1,7,4,2,70,1,6,4,1111186700,2,3
62,2,2,3,3,1,2,6,2,65,5,2,4,2,56,1,1,4,2,62,2,6,4,1111186700,2,3
47,1,1,5,1,1,2,7,1,41,1,2,6,1,33,1,1,6,1,38,1,1,3,1111186900,4,4
20,2,1,11,1,2,0,4,2,20,1,1,6,2,19,1,1,3,2,20,1,8,5,1111186900,4,4
52,1,1,6,1,1,2,4,1,47,1,1,7,1,52,5,1,7,2,46,1,1,7,1111188500,4,4
21,2,1,13,3,2,0,6,2,21,1,1,5,2,20,1,8,5,2,21,1,8,5,1111188500,4,4
19,2,1,13,3,2,0,10,2,18,1,1,6,1,19,1,8,6,2,19,1,8,5,1111188500,4,4
34,2,1,6,1,1,0,3,2,37,1,1,7,2,37,1,1,5,2,45,1,1,7,1311188700,2,3
42,1,2,6,1,1,0,5,1,43,1,2,5,1,42,1,1,5,1,43,2,1,5,1311188700,2,3
54,2,1,14,1,1,2,3,2,49,1,1,7,2,51,1,1,7,2,54,1,1,7,1111189000,3,4
18,2,1,9,3,2,0,8,2,18,1,1,4,2,19,1,8,4,2,18,1,8,4,1111189000,3,4
26,2,1,12,3,2,0,8,2,25,1,1,6,2,27,1,8,7,2,26,1,8,7,1711189000,2,3
26,1,1,11,1,2,0,7,1,26,1,1,6,1,27,1,1,6,1,27,1,1,7,1711189000,2,3
61,2,2,3,1,5,4,5,2,61,1,2,4,2,57,1,15,4,2,58,1,1,5,1111189100,1,1
83,2,1,6,3,5,3,4,2,80,1,1,4,2,78,1,11,4,2,83,1,7,6,1111189500,1,1
30,2,1,9,1,2,0,3,2,30,1,1,6,1,29,1,1,6,2,29,1,8,7,1411189800,2,3
28,1,1,9,1,2,0,4,1,27,1,1,6,1,28,1,15,5,2,27,1,1,7,1411189800,2,3
55,1,1,7,1,1,2,6,1,55,1,1,7,1,55,1,15,4,1,55,1,1,7,1111189900,4,4
54,2,1,14,2,1,2,6,2,53,1,1,7,2,52,1,1,7,2,53,1,1,7,1111189900,4,4
55,2,2,14,1,1,2,10,2,55,1,1,3,1,59,1,1,7,2,53,1,1,7,1111190100,4,4
26,1,1,12,3,2,0,12,1,22,2,1,4,2,25,1,1,4,1,24,2,8,5,1111190100,4,4
22,2,1,13,3,2,0,5,2,21,1,1,4,2,21,1,15,4,1,22,1,8,5,1111190100,4,4
65,2,1,15,3,1,3,6,2,60,1,1,7,1,62,1,7,7,1,58,1,1,6,1111191000,2,3
64,1,2,15,3,1,3,4,1,58,1,1,6,1,62,1,1,7,2,60,1,1,7,1111191000,2,3
36,2,1,6,2,2,0,10,2,35,1,1,7,2,36,1,1,7,2,37,1,1,7,1211191200,1,1
24,1,1,14,1,2,0,6,1,24,1,1,6,2,23,1,2,7,2,26,1,11,6,1111191500,5,4
48,2,2,15,3,1,2,5,2,49,1,1,7,1,54,1,1,7,2,45,1,6,7,1111191800,4,4
48,1,2,16,1,1,2,4,1,53,1,1,7,2,49,1,1,7,1,48,1,1,7,1111191800,4,4
66,1,1,5,3,1,2,7,1,60,1,1,6,2,58,1,6,6,1,66,1,7,5,1111192100,2,3
57,2,1,14,1,1,2,11,2,51,1,1,7,2,58,1,6,6,2,47,1,1,6,1111192100,2,3
33,2,1,14,1,1,0,5,2,37,1,1,2,2,39,1,1,7,2,34,1,1,7,1411192100,2,3
63,1,1,5,3,1,2,6,1,63,1,1,4,1,67,1,7,6,1,66,1,7,5,1111192200,2,3
39,2,1,4,1,1,1,10,2,33,1,1,7,2,29,1,1,6,2,35,1,15,6,1511192200,3,4
53,2,1,15,1,1,1,4,2,49,1,1,7,2,45,1,6,4,1,49,1,1,7,1111192300,3,4
55,1,1,14,1,1,1,4,1,48,1,1,6,1,52,1,1,7,1,54,1,1,7,1111192300,3,4
44,2,1,15,1,1,2,4,2,43,1,1,4,2,43,1,1,7,2,44,1,1,6,1111192400,4,4
63,2,1,4,3,1,3,15,2,62,1,1,2,2,66,1,7,3,1,68,1,7,3,1111193300,3,4
63,1,1,4,1,1,3,12,1,64,1,1,2,1,64,1,1,2,1,65,1,1,2,1111193300,3,4
32,2,1,14,1,2,0,15,2,28,1,1,7,2,32,1,2,7,2,35,1,1,7,1911193300,1,1
48,1,1,16,1,1,2,6,1,46,1,1,5,2,44,1,1,7,1,47,1,1,5,1111193600,4,4
47,2,1,15,1,1,2,3,2,45,1,1,7,2,45,1,1,7,2,46,1,15,7,1111193600,4,4
41,1,1,5,1,1,2,20,1,42,1,1,4,1,40,1,1,6,1,45,1,1,5,1111193700,4,4
41,2,1,14,1,1,2,4,2,40,1,1,7,2,31,1,1,7,2,36,1,1,5,1111193700,4,4
45,1,1,7,1,1,2,5,1,39,1,1,5,1,37,1,1,7,2,37,1,1,5,1111193900,4,4
59,2,2,3,3,5,1,10,2,70,1,2,3,2,63,1,7,3,2,70,2,6,3,1111195700,1,1
32,1,1,6,1,1,0,20,1,40,1,1,5,1,30,1,1,7,1,35,1,15,5,1411195700,2,3
29,2,1,13,3,1,0,15,1,31,5,1,7,2,35,1,1,6,2,39,2,1,4,1411195700,2,3
39,2,1,5,2,2,2,10,1,40,1,1,6,1,28,1,1,6,2,38,1,15,4,1111195800,6,7
69,1,1,6,3,1,3,6,1,70,1,1,4,1,69,1,7,7,1,69,1,7,6,1111196000,2,3
34,2,2,14,1,1,2,7,2,34,1,1,7,2,33,1,1,6,2,33,1,1,6,1411196300,4,4
52,1,1,4,2,3,1,6,1,45,1,1,6,1,56,1,1,5,1,55,1,1,6,1711196600,1,1
16,2,1,4,3,2,0,8,2,16,1,1,4,2,16,1,8,4,2,16,1,8,4,1111196600,2,5
66,2,1,4,3,1,3,8,2,69,1,1,2,2,72,1,7,2,2,60,1,1,6,1111196700,2,3
89,2,1,4,3,2,0,6,2,80,1,1,2,2,75,1,7,2,2,81,1,7,6,1111196900,1,1
51,2,1,5,3,1,0,6,2,46,1,1,6,1,61,5,7,7,2,45,1,1,6,1111197800,2,3
60,1,1,6,3,1,0,4,2,50,5,1,6,1,58,1,1,5,2,57,1,1,7,1111197800,2,3
54,1,1,4,1,1,2,10,1,53,1,1,4,1,56,1,1,3,1,53,1,1,3,1111197900,2,3
55,2,1,4,3,1,2,7,2,55,1,1,2,2,57,1,6,2,2,48,1,2,3,1111197900,2,3
65,2,1,3,3,4,1,4,2,73,5,1,2,2,61,1,6,2,2,54,1,1,3,1111198200,1,1
66,1,1,4,3,1,2,10,1,66,1,1,3,1,68,1,7,3,1,67,1,7,2,1111198900,2,3
43,1,1,4,1,1,2,8,1,43,1,1,3,1,41,1,1,6,1,42,1,15,3,1111199200,4,4
37,2,1,14,1,1,1,5,2,32,1,1,7,2,32,1,1,7,2,45,2,1,7,1311200000,3,4
34,2,1,16,1,1,1,5,2,35,1,1,7,2,28,1,1,6,2,33,1,1,7,1411200000,3,4
36,1,1,8,1,1,1,10,1,34,1,1,5,1,35,1,1,7,1,37,1,1,6,1411200000,3,4
33,1,1,9,1,1,2,4,1,31,1,1,4,1,33,1,1,4,1,31,1,15,4,1512079200,4,4
31,2,1,6,1,1,1,4,2,32,1,1,4,2,30,1,15,6,2,32,1,1,7,1512079210,3,4
35,2,1,15,1,1,2,5,2,35,1,1,6,2,30,1,1,7,2,35,1,1,5,1311052800,4,4
34,2,1,14,2,1,2,8,2,35,1,1,5,2,34,1,1,7,2,29,1,1,4,1311078600,4,4
34,1,1,5,1,2,0,4,1,34,1,1,4,1,37,1,1,6,1,34,1,1,4,1311089000,2,3
44,2,1,16,1,1,3,10,2,42,1,2,7,2,45,1,1,7,1,42,1,1,7,1311095400,5,4
40,2,1,5,1,1,1,6,2,39,1,1,6,2,34,1,15,6,2,30,1,1,6,1311118400,3,4
37,2,1,14,1,2,0,4,2,41,1,2,7,2,33,1,1,7,1,42,1,1,7,1411069100,2,3
33,2,1,11,1,1,3,6,2,36,1,1,6,1,41,1,1,4,2,39,1,1,4,1411174600,4,4
35,2,1,6,1,1,0,5,2,32,3,1,5,2,33,5,6,5,2,31,1,1,6,1411184600,2,3
38,1,2,6,1,2,0,3,2,36,1,2,3,2,35,1,15,6,2,35,2,1,7,1511043200,2,3
23,2,1,14,2,2,0,3,2,23,1,1,5,2,22,1,2,7,1,23,1,8,5,1511097200,3,4
41,1,1,4,2,3,0,3,1,40,1,1,6,1,43,1,1,4,1,40,1,1,6,1611134700,3,4
33,2,1,14,1,2,0,4,2,33,1,1,7,2,32,1,1,7,2,34,1,1,5,1611140200,2,3
53,1,1,4,1,1,2,5,1,54,1,1,3,1,59,1,1,3,1,58,1,1,3,1616200400,4,4
48,2,1,4,3,1,2,3,2,53,1,1,4,2,51,1,1,4,2,53,1,15,4,1616200400,4,4
20,1,1,9,3,2,0,3,1,19,1,3,4,1,19,1,8,3,1,19,1,8,3,1616200400,4,4
43,2,2,15,1,2,1,4,2,53,1,1,7,1,46,1,1,5,2,63,1,7,7,1616205100,2,5
58,1,1,4,1,4,1,6,1,51,1,1,2,2,49,1,1,4,2,40,1,2,2,1616205800,2,3
42,2,2,8,1,1,2,5,1,47,1,1,7,2,49,3,1,5,1,42,1,1,7,1616207700,4,4
31,1,1,8,1,2,0,10,1,30,1,1,7,1,29,1,1,5,1,35,3,1,7,1716207700,2,3
45,2,2,6,1,1,1,3,2,47,1,1,6,2,22,1,1,4,2,42,1,1,6,1616208400,3,4
48,1,1,4,1,1,1,5,1,49,1,1,4,1,48,1,1,6,2,50,1,1,4,1616208400,3,4
54,1,1,8,1,1,2,10,1,50,1,1,5,1,51,1,1,5,1,55,1,1,4,1616209500,3,4
52,2,1,14,1,1,2,3,2,59,1,1,7,2,60,1,1,7,2,58,1,1,7,1616209500,3,4
26,2,1,16,1,2,0,7,2,35,1,1,7,1,28,1,1,7,2,26,1,1,7,1616209500,3,4
56,1,1,5,1,1,2,7,1,67,1,1,4,1,60,5,1,7,1,55,1,6,6,1616209600,2,3
30,2,1,16,1,1,1,3,2,29,1,1,7,2,29,1,1,7,2,31,1,1,7,1616219800,3,4
68,2,1,15,3,1,2,5,2,68,1,3,7,2,58,1,1,7,2,54,2,11,7,1616220300,2,3
37,2,1,16,1,2,0,5,2,37,1,3,7,2,32,1,15,7,1,40,1,1,7,2016220300,2,3
34,1,1,14,1,2,0,4,1,34,1,1,5,2,34,1,1,7,1,36,1,2,5,2016220300,2,3
47,2,1,14,1,1,2,4,2,43,1,1,7,2,39,1,1,7,2,50,1,1,7,1616220500,4,4
17,2,1,9,3,2,0,4,2,16,1,1,3,2,16,1,8,4,1,16,1,8,4,1616220500,4,4
38,2,1,6,1,2,1,3,2,36,1,1,6,2,39,1,1,5,2,49,1,1,7,1616220600,3,4
43,2,1,14,1,1,3,4,2,42,1,1,7,2,43,1,1,7,1,46,1,1,6,1616225300,5,4
47,1,1,5,1,1,3,11,1,50,1,1,4,1,45,1,1,4,1,48,1,1,4,1616225300,5,4
45,2,1,8,1,1,2,5,2,45,1,1,5,2,40,1,1,7,1,46,1,1,7,1616225400,4,4
48,1,1,4,1,1,2,12,1,47,1,1,4,2,44,1,1,5,1,57,1,1,4,1616225400,4,4
16,2,1,4,3,2,0,8,2,15,1,3,4,2,15,1,8,4,2,16,1,8,4,1616225400,4,4
45,2,1,5,1,1,1,5,2,44,1,1,4,2,48,1,1,5,2,54,1,1,4,1616225500,3,4
16,2,1,4,3,2,0,4,2,16,1,1,4,1,15,1,8,4,2,16,1,8,4,1616225500,3,4
55,2,1,14,1,1,2,8,2,58,1,1,6,2,58,1,1,7,2,62,1,7,6,1616225600,2,3
28,1,1,12,1,2,0,8,1,28,1,1,6,1,27,1,8,6,1,28,1,1,5,1816225600,1,1
32,2,1,16,1,2,0,4,2,32,1,1,7,1,30,1,1,7,2,32,1,1,7,1616225900,2,3
36,2,1,14,1,1,2,4,2,37,1,1,7,2,37,1,1,6,2,38,1,1,7,1616226700,4,4
38,1,1,15,1,1,2,3,1,38,1,1,6,1,38,1,1,5,1,37,1,1,5,1616226700,4,4
40,1,1,6,1,1,2,6,1,44,1,1,7,1,35,3,1,5,2,49,1,2,5,1616226800,4,4
46,1,1,15,1,2,0,10,2,44,1,1,7,2,47,1,1,7,1,38,1,1,7,1616227100,2,5
52,2,1,15,3,4,1,3,1,49,1,1,7,2,50,1,15,4,2,40,1,1,6,1616227400,2,3
50,2,3,14,1,3,2,10,2,39,1,3,7,2,50,1,1,3,2,49,3,1,7,1616233800,2,5
33,2,3,14,2,1,3,3,2,38,1,3,3,2,43,1,1,4,2,45,1,1,3,1616234300,5,4
45,1,1,8,1,1,1,12,1,49,1,1,6,1,42,1,1,6,1,52,1,1,7,1616242100,3,4
48,2,3,7,3,1,0,4,2,44,3,3,7,2,50,1,6,7,2,37,2,1,6,1616242300,2,3
46,1,1,4,1,1,1,10,1,43,1,1,4,1,42,1,1,6,2,32,1,15,4,1616245500,3,4
50,1,1,7,1,2,1,20,1,40,1,1,6,1,45,1,15,4,2,43,2,1,3,1616246400,3,4
49,1,3,14,2,1,1,20,1,46,1,3,6,1,50,1,1,5,1,50,3,1,2,1616246700,3,4
47,2,3,15,1,1,1,10,2,40,1,3,2,2,42,1,1,7,2,50,3,1,2,1616246700,3,4
31,2,1,16,1,2,0,8,2,30,1,1,7,2,31,1,1,7,2,32,1,2,7,1616249800,1,1
41,1,3,6,1,2,0,7,1,37,1,1,7,1,40,1,15,7,2,35,1,1,7,1716249800,1,1
26,2,1,14,2,2,0,3,1,26,1,1,6,2,31,1,1,7,2,50,1,1,7,1716249810,3,4
23,2,1,14,3,2,0,5,2,23,1,1,7,2,22,1,8,7,2,23,1,8,7,1616250000,4,4
41,1,1,14,1,1,2,20,1,41,1,1,7,1,41,1,1,7,1,41,1,1,7,1616252200,4,4
41,2,1,15,1,1,2,5,2,40,1,1,7,2,41,3,1,7,2,40,1,1,7,1616252200,4,4
30,2,1,12,1,2,0,10,2,31,5,1,5,1,32,1,1,5,2,34,1,2,6,1616253700,2,3
49,2,1,5,3,3,2,5,1,42,1,3,4,2,37,1,1,5,2,54,2,2,3,1616256500,4,7
24,2,1,4,1,2,1,4,1,34,1,1,4,1,30,1,15,7,2,31,2,15,6,1616256500,4,7
46,2,1,14,1,1,0,10,2,41,1,1,6,1,46,1,1,7,2,44,1,15,5,1616256600,2,3
54,1,1,15,1,1,2,7,1,53,1,1,7,1,51,1,1,7,1,52,1,1,7,1616257500,4,4
20,1,1,13,3,2,0,7,1,22,1,1,7,1,19,1,8,5,1,20,1,8,5,1616257500,4,4
39,2,1,15,1,2,1,4,2,39,1,1,7,2,40,1,1,5,2,37,1,1,5,1616261100,3,4
36,2,1,14,1,2,0,10,1,32,1,1,7,2,28,1,2,7,1,35,1,2,7,1616261300,3,4
51,2,1,8,2,3,2,7,2,55,1,1,7,1,56,1,1,7,2,30,1,1,7,1616261500,2,5
16,1,1,4,3,2,0,10,1,15,1,1,3,1,15,1,8,2,2,16,1,8,3,1616261500,2,5
32,2,1,15,1,2,0,4,2,30,1,1,7,2,32,1,1,7,1,32,2,15,7,1816261600,5,2
32,2,1,15,1,2,0,4,2,31,1,1,7,1,31,1,1,6,1,40,1,1,5,1816261610,2,3
38,2,1,14,1,1,1,4,2,38,1,1,7,2,38,1,1,7,2,38,1,1,6,1616271600,3,4
45,1,1,16,1,1,1,4,1,45,1,1,5,1,45,1,1,7,2,45,1,1,7,1616271600,3,4
43,2,1,14,1,1,1,4,2,55,3,1,4,2,45,1,2,5,2,44,1,1,7,1616271700,3,4
26,1,1,12,1,2,0,7,1,26,1,1,6,1,29,1,1,6,1,26,1,15,5,1716273700,4,4
45,1,3,14,1,1,1,6,2,44,1,3,7,1,47,1,1,7,1,30,2,1,7,1616274900,3,4
44,2,3,14,1,1,1,5,2,45,1,3,7,2,45,1,1,7,2,43,3,15,7,1616274900,3,4
43,2,1,7,1,1,2,3,2,33,1,1,5,2,46,1,1,6,2,43,1,1,4,1616278200,4,4
50,2,1,14,1,1,2,5,1,64,5,1,3,2,42,1,1,7,2,40,1,1,7,1616278300,4,4
19,2,1,13,1,2,0,10,2,19,1,1,5,1,18,1,2,5,1,20,1,2,5,1616278300,4,4
34,2,1,14,1,1,2,3,2,34,1,1,7,1,37,5,1,6,2,31,1,1,7,1616278400,4,4
37,1,1,6,1,1,2,10,1,37,1,1,5,1,37,1,1,7,1,37,1,1,5,1616278400,4,4
18,1,1,9,3,2,0,10,1,17,1,1,5,1,17,1,8,5,2,19,1,8,5,1616279000,3,5
41,2,1,15,1,1,2,4,2,41,5,1,5,2,39,1,1,7,2,40,1,1,7,1616279300,4,4
47,1,1,15,1,1,2,5,2,46,1,1,7,1,42,1,1,7,1,42,1,15,6,1616279300,4,4
51,1,1,16,1,1,2,4,1,51,1,1,7,1,51,1,1,5,1,51,1,1,7,1616285200,4,4
51,2,1,15,1,1,2,3,2,40,1,1,5,2,42,5,1,7,2,48,1,1,5,1616285200,4,4
58,2,1,16,1,5,1,20,1,62,1,1,7,2,60,1,1,6,2,55,1,15,6,1616291000,2,5
24,2,1,14,1,2,0,8,2,24,1,1,7,1,24,1,8,7,2,24,1,15,7,1616291000,2,5
52,2,1,16,1,1,2,6,2,41,3,1,7,2,44,1,1,7,2,47,2,1,7,1616291900,5,4
53,1,1,4,1,1,2,6,1,50,5,1,4,2,50,1,1,4,1,49,1,1,7,1616291900,5,4
24,1,1,13,2,2,0,5,1,21,1,2,7,2,21,1,8,5,1,23,1,2,7,1616291900,5,4
18,1,1,9,3,2,0,4,2,18,1,3,4,1,17,1,8,4,1,18,1,8,4,1616291900,5,4
52,2,1,15,1,2,1,20,2,45,1,1,7,1,37,1,1,7,2,50,1,1,7,1616293500,2,5
44,1,1,15,1,1,2,20,1,41,1,1,7,2,38,1,1,7,1,40,1,1,7,1616296900,4,4
42,2,1,14,1,1,2,3,2,42,1,1,7,2,41,1,1,7,2,42,1,1,7,1616296900,4,4
57,2,1,14,1,1,2,4,2,73,1,2,4,2,57,1,1,7,2,53,1,1,5,1616300100,4,4
33,1,1,15,2,2,0,12,1,33,1,1,6,1,34,1,1,7,2,32,2,1,7,1616304700,2,3
34,1,1,14,1,2,0,4,1,33,1,1,7,1,33,1,1,7,2,37,1,1,6,1816304700,2,5
47,2,1,14,2,1,0,8,2,47,1,1,6,2,48,1,1,7,1,49,1,1,5,1616305400,2,3
48,1,1,6,1,1,0,4,1,48,1,1,4,1,50,1,1,5,2,35,1,1,7,1616305400,2,3
47,1,1,6,2,4,4,7,1,35,1,1,7,1,33,1,2,6,1,38,1,9,6,1816305900,1,1
53,2,2,6,1,4,3,3,1,58,1,2,7,2,56,1,1,5,2,53,1,1,7,1616311700,1,1
30,2,1,14,1,2,0,4,1,33,1,1,7,2,36,1,1,5,2,29,1,2,4,1916311700,2,3
27,1,1,12,1,2,0,8,1,26,1,1,5,1,24,1,15,6,2,26,1,15,7,2016311700,2,3
45,2,1,6,1,2,0,7,1,45,1,1,4,2,35,1,1,7,2,41,3,1,7,1616322700,2,5
55,2,1,6,1,1,2,20,2,33,1,1,7,2,55,1,15,5,2,57,1,1,7,1616324100,2,3
33,1,1,15,1,2,0,3,1,33,1,1,7,1,42,1,1,7,1,32,1,1,7,1716324900,1,1
51,2,1,14,1,2,0,6,2,56,1,2,7,2,45,1,1,7,2,53,1,1,5,1616331500,2,3
26,2,1,11,1,2,0,5,2,26,1,1,6,2,26,1,1,6,2,29,1,1,4,2016333600,1,1
26,1,1,11,1,2,0,3,1,23,1,1,7,2,22,1,1,6,1,23,1,15,5,1616333800,3,4
40,1,1,6,1,1,1,3,2,37,5,1,5,1,41,1,1,4,2,30,1,1,7,1616333900,3,4
21,2,3,11,3,2,0,10,2,20,1,3,6,1,19,1,8,6,2,20,3,1,5,1616335600,5,4
18,1,3,11,3,2,0,4,1,19,1,3,6,1,18,1,8,6,1,18,3,8,5,1616335600,5,4
55,2,1,15,2,1,2,4,2,53,1,1,7,2,54,1,1,7,1,54,1,1,7,1616335900,4,4
28,1,1,14,1,2,0,6,1,25,1,1,5,1,27,1,2,7,1,25,1,2,7,1616335900,4,4
23,1,1,13,3,2,0,3,1,22,1,1,6,1,35,1,1,6,2,23,1,8,7,1616335900,4,4
49,2,1,16,1,1,2,3,2,60,1,1,7,2,44,1,2,7,1,50,2,1,7,1616336100,4,4
48,1,1,14,1,1,2,3,1,46,1,1,6,1,58,1,1,7,1,44,1,1,5,1616336100,4,4
39,2,2,15,1,1,1,4,2,39,1,2,7,2,40,1,1,6,2,29,1,1,7,1816343400,3,4
44,1,1,14,1,1,1,5,1,33,1,1,7,1,36,1,1,5,1,35,1,1,4,1816343400,3,4
53,2,1,15,1,1,2,3,2,52,1,1,7,2,51,1,1,7,2,52,1,1,7,1616345700,4,4
55,1,1,15,1,1,2,4,2,59,1,2,7,1,55,1,1,7,1,53,2,1,7,1616345700,4,4
25,2,1,13,1,2,0,5,2,26,1,1,7,2,24,1,8,5,1,25,1,1,7,1616345700,4,4
38,2,2,16,1,4,0,7,1,40,1,3,3,2,36,1,1,7,1,37,2,1,7,1716346100,2,3
16,1,1,4,3,2,0,10,2,16,1,1,4,1,16,1,8,4,2,15,1,8,4,1616366200,4,4
57,2,1,6,1,2,0,5,2,50,1,1,7,2,58,1,1,5,1,55,1,15,5,1616367400,1,1
35,2,1,15,1,1,2,4,2,33,1,1,7,1,42,3,15,6,2,35,1,1,6,1616368200,4,4
57,1,1,15,1,4,1,5,2,42,1,3,5,1,60,1,7,7,1,62,1,15,5,1616371600,1,1
34,1,1,6,1,2,0,4,1,35,1,1,6,2,34,1,1,6,2,37,3,1,6,1616372000,1,1
18,1,1,9,3,2,0,4,1,22,5,1,5,1,18,1,8,4,1,17,1,8,5,1616372300,4,4
43,1,2,15,1,1,2,8,1,45,1,2,7,1,42,1,1,7,1,48,1,1,7,1616372500,4,4
42,2,1,14,1,1,2,10,2,42,1,1,7,2,42,1,1,6,2,42,1,1,7,1616372500,4,4
54,2,1,7,1,1,2,3,2,55,1,1,7,2,53,1,1,4,1,60,1,1,4,1616373900,4,4
21,2,1,12,3,2,0,12,2,21,1,1,6,2,21,1,8,6,1,32,1,2,5,1616373900,4,4
25,2,1,11,2,2,0,3,2,27,1,1,5,2,29,1,8,5,2,32,1,1,6,1616374300,4,4
40,1,1,8,1,1,2,5,1,38,1,1,4,2,38,5,15,5,1,40,1,1,4,1616374500,4,4
54,2,1,4,2,3,2,25,2,26,4,1,7,1,23,4,15,4,2,40,1,1,4,1616374800,1,1
27,2,1,16,1,2,0,3,2,34,1,1,7,2,27,1,1,7,2,26,1,2,7,1716374810,2,3
27,1,1,14,1,2,0,4,1,26,1,1,6,1,28,1,1,7,2,27,1,1,7,1716374810,2,3
35,2,1,6,1,1,1,3,2,37,1,1,5,2,35,1,1,7,2,37,1,2,5,1616376400,3,4
37,1,1,7,1,2,0,8,1,36,1,1,7,1,45,1,2,6,1,32,3,1,6,1816377020,2,3
33,2,1,15,1,2,0,4,2,32,1,2,6,2,30,1,9,4,2,39,1,1,4,1716379310,2,3
56,2,1,4,3,1,2,6,2,67,1,2,3,2,58,1,1,4,2,67,2,7,4,1616387800,3,4
49,2,1,7,1,1,2,14,2,59,1,2,5,2,57,1,7,7,2,48,1,6,5,1616388700,3,4
24,2,1,12,2,2,0,7,2,24,1,1,6,2,23,1,2,6,2,27,1,1,6,1616388700,3,4
38,2,2,14,1,2,0,4,2,44,1,1,6,2,27,1,1,7,2,37,1,1,6,1616389800,1,1
30,1,1,15,1,2,0,6,1,25,1,1,7,2,23,1,1,7,2,30,1,1,7,1716390200,1,1
54,2,2,15,1,1,2,3,2,53,1,1,5,2,55,1,1,7,2,53,1,1,7,1616391000,4,4
42,1,1,6,1,2,0,5,1,49,1,1,7,1,40,1,1,7,2,45,1,1,7,1616393500,2,3
50,1,1,15,1,2,1,5,1,41,1,1,7,2,16,4,8,4,2,86,1,7,7,1616393500,2,3
27,1,1,15,1,2,0,15,1,25,1,1,7,2,26,1,2,7,2,25,1,1,7,2116394810,2,2
57,1,2,16,1,5,2,5,2,48,1,1,7,1,61,1,1,7,2,48,1,1,7,1616399800,1,1
31,2,1,16,1,2,0,7,2,30,1,1,7,2,30,1,1,7,2,31,1,1,7,1816399800,4,2
59,2,1,5,1,2,0,6,2,59,1,1,6,2,56,1,1,6,2,60,1,1,4,1616403100,2,3
30,1,1,16,1,2,0,3,1,29,1,1,7,1,32,1,2,7,2,33,1,2,7,1711036500,2,3
35,2,1,15,1,1,1,4,2,30,1,1,7,2,34,1,2,7,2,29,1,1,7,1711129700,3,4
41,2,1,14,1,4,2,5,2,40,1,1,5,2,41,1,15,5,1,46,2,1,6,1717501900,4,4
46,2,1,15,1,1,2,5,2,41,1,1,7,2,43,5,1,6,1,45,2,1,7,1717502000,4,4
35,2,1,16,1,1,1,5,2,34,1,1,7,2,34,1,1,6,2,37,1,15,6,1717502400,3,4
34,1,1,16,1,1,1,4,1,33,1,1,7,1,33,1,1,7,2,33,1,1,7,1717502400,3,4
48,2,1,8,1,1,2,5,1,46,1,1,6,2,42,1,1,7,2,50,1,1,7,1717502600,4,4
18,1,1,9,3,2,0,5,1,17,1,1,5,2,17,1,8,5,1,17,1,8,6,1717502600,4,4
47,1,1,14,1,1,2,3,1,40,1,1,6,2,48,1,1,7,1,40,1,1,7,1717502700,4,4
49,2,1,15,1,1,2,6,2,49,1,1,7,2,48,1,1,7,2,48,1,1,7,1717502700,4,4
17,2,1,9,3,2,0,4,2,17,1,1,5,2,17,1,8,5,2,17,1,8,5,1717502700,4,4
30,2,1,16,1,1,2,11,2,29,1,1,7,1,34,1,1,5,2,32,1,1,7,1717504100,3,5
32,1,1,14,1,1,2,4,1,34,1,1,4,2,33,1,1,7,1,30,1,1,7,2117504100,1,1
58,1,1,15,1,1,3,4,1,57,1,1,7,1,54,1,1,7,2,53,1,1,7,1717504300,4,4
56,2,1,16,1,1,3,4,2,54,1,1,7,2,55,1,1,7,2,61,1,1,7,1717504300,4,4
24,2,1,13,3,2,0,5,2,23,1,1,7,2,24,1,15,7,2,26,1,1,7,1717504300,4,4
19,2,1,13,3,2,0,5,2,18,1,1,5,2,18,1,8,5,2,19,2,8,5,1717504300,4,4
44,1,1,15,1,2,2,3,1,43,1,1,7,1,43,1,1,7,1,43,1,1,5,1717504500,4,4
48,1,1,5,1,1,0,5,2,48,1,1,7,1,46,1,1,5,1,45,1,1,7,1717504700,2,3
46,2,1,3,2,1,0,5,2,41,5,1,7,2,47,1,1,6,2,21,1,8,5,1717504700,2,3
39,1,1,6,1,2,1,3,1,40,1,1,6,1,41,1,15,6,1,40,1,1,6,1717506400,3,4
38,1,1,4,1,1,1,4,1,38,1,1,4,1,37,1,1,6,1,33,2,1,4,1717506500,3,4
35,1,1,16,1,1,1,5,1,35,1,1,7,1,35,1,1,7,1,35,1,1,7,1717508900,3,4
34,2,1,15,1,1,1,6,2,34,1,1,7,2,33,1,1,7,2,33,1,1,7,1717508900,3,4
49,2,3,15,1,2,2,3,2,50,1,3,6,1,46,1,1,5,2,47,1,1,5,1717509100,3,5
26,2,1,11,1,2,0,10,2,25,1,1,4,2,22,1,1,7,2,26,1,1,4,1717509500,3,4
40,1,1,14,2,2,0,5,1,39,1,1,6,1,39,1,1,7,1,35,1,1,7,1717509600,1,1
33,1,1,4,1,2,0,7,1,34,1,1,7,2,36,1,1,7,2,35,1,6,2,1717509700,1,1
20,2,1,13,3,2,0,4,2,20,1,1,7,2,20,1,8,7,2,21,1,8,7,1717510500,3,4
39,2,1,6,1,4,1,4,2,29,1,1,7,1,43,1,1,7,1,32,1,1,7,1717510900,2,5
38,1,1,5,1,1,1,4,1,37,1,1,6,1,33,1,1,7,2,33,1,1,7,1717511100,3,4
45,1,1,15,1,2,1,3,1,45,1,1,7,1,47,1,1,6,1,47,1,1,7,1717511300,3,4
35,2,1,6,1,2,1,3,2,35,1,1,6,1,40,1,1,7,2,36,1,1,4,1717511500,3,4
40,2,1,14,3,1,2,5,2,40,1,1,7,2,40,1,1,4,1,40,1,1,5,1717511700,4,4
39,1,1,14,1,1,2,3,1,39,1,1,7,1,41,1,1,6,1,39,1,1,6,1717511700,4,4
42,2,1,15,1,2,1,5,1,50,1,1,7,2,42,1,1,7,2,44,1,1,7,1717512100,3,4
40,2,1,6,1,2,0,3,2,40,1,1,5,2,40,1,1,6,2,40,1,1,6,1717512800,2,3
51,1,1,7,1,1,2,8,1,48,1,1,7,2,49,1,1,6,2,54,1,1,6,1717514500,4,4
49,2,3,14,1,1,2,5,2,51,1,1,7,1,49,1,1,7,2,54,1,1,5,1717514500,4,4
21,2,1,13,1,2,0,6,2,21,1,1,5,2,20,1,2,5,1,20,3,2,5,1717514500,4,4
18,2,1,9,3,2,0,5,2,18,1,1,4,2,17,1,8,4,1,17,1,8,4,1717514500,4,4
17,2,1,4,3,2,0,4,2,16,1,1,4,1,20,1,2,6,1,16,1,8,4,1717516100,4,4
44,1,1,15,1,1,1,3,2,38,5,1,5,1,44,1,1,5,1,41,3,1,5,1717516200,3,4
39,2,1,7,1,1,0,3,1,43,5,1,7,2,42,1,1,7,2,58,1,1,7,1717516200,3,4
27,2,1,15,1,2,0,3,2,26,1,3,3,2,48,1,1,7,1,22,3,1,7,1917516500,1,1
41,1,1,6,2,2,0,5,1,43,1,1,4,1,45,1,1,7,2,37,1,15,7,1717519200,1,1
44,2,1,7,1,2,0,3,1,45,1,1,4,2,43,1,1,7,2,45,1,1,7,1717519800,1,1
45,2,1,14,1,4,2,5,2,45,1,3,7,1,43,5,1,7,1,45,2,1,5,1717520100,3,5
51,1,1,14,1,1,2,5,1,53,1,1,7,1,50,1,1,7,1,48,1,1,7,1717520200,4,4
51,2,1,14,1,1,2,8,1,50,1,1,7,2,54,5,1,7,2,46,1,2,4,1717520200,4,4
47,2,2,4,1,1,2,4,2,37,1,1,5,2,36,1,1,5,2,43,2,1,4,1717520600,4,4
47,1,1,5,1,1,2,3,1,48,1,1,4,1,57,1,1,3,1,47,1,1,5,1717520600,4,4
17,2,1,9,3,2,0,5,2,17,1,1,4,1,17,1,8,4,1,19,1,8,5,1717520600,4,4
48,1,1,5,1,1,3,4,1,47,1,1,7,1,47,1,1,6,1,47,1,1,7,1717521100,5,4
22,2,1,13,1,2,0,4,1,21,1,1,5,2,22,1,2,7,2,35,1,1,7,1717521100,5,4
20,2,1,11,3,2,0,5,2,20,1,1,5,2,20,1,8,5,2,20,3,8,4,1717521100,5,4
29,2,1,14,1,2,0,4,2,30,1,1,6,2,28,1,1,6,2,29,1,1,7,1817521200,3,4
53,2,2,4,1,1,2,3,2,55,1,1,6,2,54,1,1,5,2,30,1,15,5,1817521200,3,4
30,1,1,15,1,1,0,3,1,30,5,1,7,1,31,1,1,7,1,30,1,15,7,1817521210,2,3
29,2,1,15,1,1,0,5,2,28,1,1,7,2,28,5,1,7,2,28,3,1,7,1817521210,2,3
52,1,1,6,1,1,0,5,1,50,1,1,4,2,47,1,1,6,2,34,2,2,4,1717525100,3,3
47,2,1,8,1,1,2,15,2,48,1,1,4,2,50,1,9,4,2,57,1,6,6,1717529000,4,4
48,1,1,5,1,1,2,4,1,48,1,1,4,1,56,5,1,4,1,50,1,1,7,1717529000,4,4
18,2,1,4,3,2,0,7,1,20,1,1,6,2,18,1,8,5,2,18,1,8,5,1717529000,4,4
28,1,3,2,2,2,0,4,1,28,1,3,2,2,25,1,1,3,1,23,3,15,3,1717529600,3,2
34,1,3,2,2,1,2,5,2,25,1,3,2,1,37,1,2,1,1,37,3,2,1,1717529600,3,2
31,1,3,4,2,2,1,20,1,29,1,3,2,2,18,1,1,3,1,28,3,2,2,1717529600,3,2
31,1,1,14,1,2,0,4,1,31,1,1,5,1,29,1,1,5,1,25,3,1,7,1717529700,3,4
19,1,1,11,2,2,0,4,1,21,1,1,3,1,22,1,1,4,2,15,1,8,3,1717532600,3,5
16,2,1,4,3,2,0,5,2,16,1,1,4,2,16,1,8,4,2,17,1,8,4,1717534100,4,4
47,2,1,6,1,2,0,8,1,44,1,2,6,2,53,1,1,4,2,45,1,1,5,1717536200,1,1
34,2,1,6,1,2,0,3,2,34,1,1,7,2,34,1,1,4,2,26,3,1,7,1717537000,2,3
38,1,1,5,1,1,2,3,1,38,1,1,4,2,40,5,2,5,1,42,1,1,5,1717537200,4,4
49,2,1,5,1,1,2,7,2,50,1,1,6,2,59,1,1,4,1,53,1,1,4,1717537700,4,4
40,2,1,4,1,1,1,5,2,47,1,1,6,2,36,1,1,6,2,66,1,6,2,1717538200,3,4
39,2,1,8,1,1,2,6,2,44,1,1,7,2,40,1,15,4,1,45,1,1,5,1717538400,4,4
37,2,3,5,1,3,1,12,2,29,1,1,6,2,25,1,1,3,1,30,1,1,3,1717538600,2,5
40,2,1,14,2,1,2,8,2,39,1,1,7,2,37,3,1,7,2,39,1,1,6,1717539800,4,4
51,1,2,15,1,1,3,6,1,46,1,1,6,1,45,1,1,6,1,43,1,1,6,1717539900,5,4
46,2,1,15,1,1,3,10,2,45,1,1,3,2,41,1,15,6,2,44,1,1,7,1717539900,5,4
58,1,1,15,1,1,2,10,1,56,1,1,3,1,54,1,1,6,1,59,1,1,6,1717540000,4,4
53,2,1,14,1,1,2,7,2,55,1,1,6,2,55,1,1,7,2,54,1,1,6,1717540000,4,4
27,1,2,12,3,2,0,3,1,27,1,1,6,1,27,1,1,7,1,50,1,1,7,1717540000,4,4
22,2,1,13,1,2,0,10,1,23,1,1,7,2,23,1,1,6,2,23,1,1,5,1717540000,4,4
40,2,1,13,1,1,2,5,2,52,1,1,4,2,50,1,15,7,2,50,1,6,4,1717541600,4,4
17,2,1,9,3,2,0,3,1,19,1,1,4,1,19,1,8,6,1,18,1,2,5,1717541600,4,4
51,2,2,16,1,1,2,4,2,53,1,1,6,2,58,1,1,7,2,54,1,1,7,1717546300,4,4
20,1,1,13,3,2,0,5,2,19,1,2,7,1,21,1,8,7,2,20,1,8,7,1717546300,4,4
25,2,1,13,3,2,0,6,2,25,1,1,6,1,20,3,8,7,1,36,1,1,7,1717546300,4,4
50,2,1,14,1,4,3,15,1,56,1,1,7,2,40,1,1,3,2,54,1,1,7,1717546400,3,5
23,2,1,13,1,2,0,5,2,23,1,1,7,2,23,1,2,7,2,23,1,2,7,1717546400,3,5
20,2,1,11,1,2,0,10,2,20,1,1,7,2,20,1,8,7,2,20,1,8,7,2117546400,1,1
52,2,1,14,1,1,2,4,2,53,1,1,7,2,53,1,1,7,2,50,1,1,7,1717546500,3,5
25,1,1,14,1,2,0,4,1,25,1,1,7,2,25,1,8,7,1,23,1,8,6,1717546500,3,5
19,2,1,9,3,2,0,10,2,18,1,1,5,2,18,1,8,5,2,18,1,8,5,1717546500,3,5
45,1,1,6,2,2,0,6,2,40,5,1,6,2,40,5,9,3,1,40,1,15,6,1717548500,3,3
57,1,1,14,1,1,0,6,1,53,1,1,7,2,58,1,1,7,2,61,1,1,7,1717550600,2,3
57,2,1,15,1,1,0,5,2,53,1,1,7,2,61,1,1,7,1,61,1,1,7,1717550600,2,3
23,2,3,13,1,2,0,6,2,24,1,1,6,2,22,1,1,6,2,23,1,8,5,1717550700,4,4
20,2,3,9,3,2,0,10,2,23,1,1,6,1,22,1,8,6,2,23,1,8,6,1717550700,4,4
45,1,1,8,1,1,2,6,1,46,1,1,6,1,45,1,1,7,1,43,1,1,6,1717550800,4,4
47,1,1,8,1,1,0,5,1,46,1,1,7,1,48,1,1,7,1,47,1,1,7,1717551500,2,3
45,1,1,6,1,2,1,5,1,43,1,1,7,1,45,1,1,6,2,43,1,1,7,1717551900,3,4
53,2,2,14,1,4,2,5,1,57,1,1,6,2,50,1,1,5,2,53,1,1,7,1717552000,3,5
45,2,2,5,1,2,1,9,1,44,1,1,6,2,48,1,6,3,2,43,1,1,4,1717553900,3,4
44,1,1,4,1,2,1,4,1,44,1,1,6,1,42,1,1,3,1,27,1,1,5,1717553900,3,4
55,2,1,5,1,1,2,4,2,55,1,1,6,1,56,1,1,6,2,56,1,1,5,1717554000,3,4
38,2,1,6,3,1,1,5,2,84,5,1,2,1,61,2,7,6,1,37,1,1,6,1717554200,3,4
41,1,3,7,1,1,4,3,1,41,1,3,5,1,45,1,1,5,1,48,3,1,5,1717557400,5,4
32,2,1,15,1,2,0,10,2,31,1,1,7,2,31,1,1,7,2,31,1,1,7,1817561800,1,1
32,2,1,15,1,2,0,3,1,40,1,2,7,2,41,1,1,7,2,39,2,1,7,1717564300,1,1
49,2,2,15,3,1,4,4,2,48,1,1,6,2,46,1,11,5,2,45,1,11,7,1717566500,6,4
45,1,1,6,2,1,4,6,1,44,1,1,6,1,44,1,1,6,1,44,1,1,7,1717566500,6,4
45,1,1,5,1,4,2,5,1,47,1,1,6,1,46,1,1,7,1,39,1,1,7,1717567200,4,4
39,2,1,14,1,2,2,6,2,39,1,1,5,2,50,1,1,5,2,39,1,2,7,1717567200,4,4
26,2,1,13,2,2,0,15,2,26,1,1,7,1,26,1,2,7,1,28,1,2,7,1817567300,2,3
57,1,1,15,3,1,1,10,1,69,1,1,4,1,49,1,1,6,2,48,1,1,6,1717567300,2,3
43,1,3,7,2,2,1,3,2,25,1,3,7,2,33,5,1,5,1,23,3,1,5,1717567400,3,4
50,2,1,14,3,1,4,11,2,48,1,1,6,1,50,1,1,4,2,48,1,15,4,1717567600,6,4
52,1,1,15,1,1,4,5,1,50,1,1,4,1,50,1,1,5,1,44,1,1,4,1717567600,6,4
22,2,1,13,3,2,0,6,2,22,1,1,7,1,21,1,8,5,1,21,1,1,6,1717567600,6,4
17,1,1,9,3,2,0,7,1,17,1,1,4,1,16,1,8,4,1,16,1,8,4,1717567600,6,4
46,2,1,15,1,1,4,6,2,50,1,1,7,2,40,1,1,6,2,45,1,6,7,1717570300,6,4
50,1,1,15,1,1,3,3,1,67,1,1,4,1,50,1,1,5,1,53,1,1,7,1717570700,5,4
19,2,1,13,3,2,0,4,2,19,1,1,5,2,20,1,8,5,1,19,1,8,5,1717570700,5,4
16,1,1,9,3,2,0,6,1,16,1,1,4,1,17,1,8,4,1,17,1,8,5,1717570700,5,4
55,1,2,4,1,1,3,6,1,49,1,2,4,1,50,1,1,4,2,46,1,1,5,1717570800,5,4
19,1,1,13,3,2,0,5,1,18,1,1,5,1,20,1,8,5,1,19,1,8,5,1717570800,5,4
41,2,1,15,1,1,3,10,2,43,1,1,7,1,45,1,1,5,2,40,1,1,7,1717571500,5,4
48,1,1,16,1,1,3,5,1,49,1,1,7,1,48,1,1,7,2,45,1,1,7,1717571500,5,4
48,1,3,14,1,1,1,4,1,40,1,1,7,1,43,1,1,7,2,38,1,1,5,1717572500,3,4
47,2,3,16,1,1,1,3,2,35,1,3,7,2,65,1,2,7,2,50,3,1,7,1717572500,3,4
41,1,1,5,1,2,0,4,2,32,1,1,4,1,45,1,1,6,1,35,1,1,4,1717576700,1,1
20,2,3,11,3,2,0,7,2,19,1,2,4,1,20,1,1,4,1,20,3,1,4,1717577200,4,4
51,2,2,5,1,1,2,3,2,50,1,1,4,2,54,1,2,6,1,56,2,7,5,1717578200,5,4
51,2,2,14,1,1,1,5,2,50,1,1,7,2,50,1,1,7,2,47,1,15,4,1717578300,3,4
30,1,1,15,1,2,0,6,1,29,1,1,7,1,30,1,1,7,1,25,1,1,5,1717578400,2,3
57,2,2,7,3,1,1,3,2,54,1,2,4,2,55,1,2,4,2,60,2,7,4,1717578500,3,3
50,1,1,16,1,1,2,10,1,50,1,1,4,1,52,1,1,4,1,50,1,1,4,1717581300,5,4
19,1,1,13,3,2,0,15,1,18,1,1,5,2,19,1,2,7,1,19,1,8,7,1717581300,5,4
55,2,1,14,1,2,0,3,2,55,1,1,7,2,56,1,1,7,2,55,1,1,5,1717581600,1,1
51,2,1,14,1,1,4,12,2,46,1,1,5,2,53,1,2,5,2,46,1,1,7,1717582400,4,4
16,1,1,4,3,2,0,5,1,18,1,1,5,2,16,1,8,4,1,17,1,8,4,1717582400,4,4
21,1,1,13,1,2,0,5,1,20,1,1,4,1,18,1,8,4,2,19,1,8,5,1717582400,4,4
30,2,1,16,1,2,0,5,1,31,1,1,7,2,30,1,2,7,2,31,1,1,7,2117582400,5,4
53,2,1,8,1,1,0,3,2,56,1,2,5,2,53,1,1,7,2,56,1,15,7,1717582500,2,3
58,1,3,15,1,3,2,3,1,60,1,3,7,1,48,1,1,6,2,53,1,1,7,1917582600,2,3
49,2,1,4,1,2,0,4,2,45,1,1,3,2,50,1,2,6,1,52,1,1,7,1917582600,2,3
56,2,1,5,1,1,2,4,2,54,1,1,4,2,52,1,1,2,2,57,1,1,6,1717585100,2,3
28,2,1,14,1,1,0,6,1,31,1,1,6,2,30,1,1,7,2,27,1,1,7,2017585100,2,3
48,2,1,5,1,1,2,6,2,46,1,1,7,2,55,1,2,7,1,53,2,7,6,1717586100,4,4
44,2,1,15,1,1,2,10,2,44,1,1,7,2,44,1,1,6,2,42,1,1,6,1717586300,4,4
16,1,1,4,3,2,0,10,1,16,1,1,4,1,16,1,8,4,1,15,1,8,4,1717586300,4,4
29,2,1,15,1,2,0,5,1,29,1,1,6,2,29,1,1,7,2,30,1,15,7,1917586500,2,3
33,1,1,14,1,2,0,5,1,32,1,1,6,1,31,1,1,7,1,33,1,1,7,1917586500,2,3
31,1,1,14,1,1,0,12,1,32,1,1,7,1,36,1,1,7,2,30,1,1,7,1717590300,2,3
49,2,1,7,1,1,1,4,2,42,1,1,5,2,58,1,1,7,1,58,1,1,7,1717593400,3,4
32,1,1,12,1,2,0,8,1,31,1,1,6,1,31,1,1,6,1,31,1,1,7,1717594500,3,4
55,1,1,16,1,1,2,3,1,60,1,1,7,2,45,1,1,7,1,70,3,7,5,1717594700,3,4
58,2,1,15,3,1,2,3,2,58,1,2,4,2,56,1,1,7,2,60,1,1,5,1717594700,3,4
22,2,1,13,3,2,0,4,2,21,1,1,7,2,24,1,8,5,1,22,1,8,5,1717594700,3,4
59,2,1,4,3,1,2,3,2,57,3,1,3,2,55,5,1,4,2,60,2,6,3,1717599100,3,3
59,1,1,4,1,1,2,4,1,58,5,1,4,1,58,5,1,4,1,60,1,1,4,1717599100,3,3
42,1,3,4,2,1,3,3,1,45,5,3,7,2,50,5,15,7,1,33,3,1,7,1717599300,5,4
39,1,1,6,1,1,2,5,1,40,1,1,7,2,28,1,1,7,1,40,1,1,7,1717604900,2,3
53,2,1,14,1,1,2,5,2,52,1,1,7,2,49,1,1,7,2,50,1,1,6,1717605200,5,4
50,2,2,4,3,1,2,4,1,51,1,2,5,2,48,1,6,7,2,52,2,6,4,1717605900,4,4
19,1,1,9,3,2,0,4,1,19,1,1,4,2,19,1,8,4,1,19,1,8,4,1717608500,5,4
16,1,1,4,3,2,0,4,1,16,1,1,4,2,16,1,8,4,1,16,1,8,4,1717608500,5,4
50,2,1,15,1,1,2,3,2,63,1,1,7,2,48,1,1,7,2,48,1,1,7,1717615700,4,4
17,1,1,9,3,2,0,6,1,16,1,1,4,2,17,1,8,4,1,16,1,8,4,1717615700,4,4
20,2,1,13,1,2,0,3,2,20,1,1,5,2,20,1,8,5,2,20,1,8,5,1717615800,3,5
33,2,1,12,1,1,1,6,2,35,1,1,6,1,36,1,1,6,2,33,1,1,7,1717616000,3,4
39,1,3,5,1,1,2,3,1,39,1,1,4,1,39,1,1,6,1,42,1,1,4,1717616100,4,4
36,2,1,5,2,1,2,5,2,36,1,1,4,2,36,1,1,7,2,38,1,15,4,1717616200,4,4
40,1,1,5,1,1,2,3,1,39,1,1,6,1,38,1,1,6,1,40,1,1,4,1717616200,4,4
33,2,3,13,1,2,0,3,2,32,1,3,7,2,30,1,8,6,1,31,3,1,6,2017616900,1,1
37,2,1,14,1,2,0,10,2,33,5,1,7,2,36,1,1,7,2,40,1,1,7,1717618800,2,3
43,1,1,15,2,3,1,5,1,37,1,2,7,1,42,1,1,4,2,33,1,1,7,1717619100,3,4
54,2,1,6,1,1,1,15,2,51,1,1,7,2,51,5,1,6,2,57,1,1,7,1717619200,3,4
51,1,2,7,1,1,0,3,1,50,1,1,5,1,32,1,1,7,2,35,1,1,5,1717619900,2,3
44,2,1,15,1,1,2,4,2,44,1,1,7,2,44,1,1,7,2,39,1,1,7,1717620100,4,4
46,2,1,15,1,2,1,7,2,40,1,1,7,2,42,1,1,7,2,45,1,1,7,1717620600,3,4
55,2,1,8,1,1,2,8,2,53,1,1,6,1,34,1,1,7,2,39,1,1,7,1717621900,4,4
57,1,1,15,1,1,2,4,1,55,1,1,5,2,43,1,1,6,1,55,1,1,7,1717621900,4,4
57,2,1,5,2,2,0,3,2,43,1,2,6,2,59,1,1,4,2,44,1,15,4,1717622000,3,6
49,2,1,16,1,2,0,8,2,50,1,1,7,2,46,1,1,7,2,50,1,1,7,1717622300,1,1
39,1,1,15,1,1,2,4,1,38,1,1,3,1,39,1,1,6,1,39,1,1,4,1717627600,4,4
36,2,1,15,3,1,2,8,2,35,1,1,7,2,34,1,6,3,2,36,2,6,4,1717627600,4,4
48,2,1,5,1,1,1,4,2,45,1,1,6,2,48,1,1,5,2,44,1,1,7,1717627700,3,4
46,1,1,5,1,1,1,5,1,74,5,1,6,1,34,5,1,3,1,49,1,1,7,1717627700,3,4
58,1,1,16,1,1,4,6,1,57,1,1,7,1,56,1,1,7,1,56,1,1,7,1717628100,3,4
54,2,1,5,3,1,4,6,2,40,3,1,5,2,52,1,6,4,1,55,1,1,3,1717628100,3,4
17,1,1,9,3,2,0,4,2,17,1,1,4,1,17,1,8,4,2,18,1,2,4,1717628100,3,4
49,2,1,6,1,1,0,5,2,42,5,1,5,2,47,1,1,7,2,46,1,1,7,1717628500,2,3
53,1,1,8,1,1,0,5,2,46,1,1,7,1,54,1,1,5,1,52,1,1,7,1717628500,2,3
41,2,1,7,1,1,2,3,2,35,1,1,6,2,39,1,1,7,2,41,1,1,7,1717628600,4,4
48,2,2,5,1,1,2,3,2,47,1,1,4,2,49,1,1,3,2,47,1,1,7,1717629100,4,4
17,1,1,4,3,2,0,3,2,17,1,1,4,2,17,1,8,5,2,16,1,8,4,1717629100,4,4
36,2,1,4,1,1,0,5,2,35,5,2,7,1,37,5,1,5,2,31,1,1,4,1717629200,2,3
44,2,1,16,1,1,2,5,2,50,1,1,7,2,44,1,1,7,2,42,1,1,7,1717631500,4,4
16,1,1,4,3,2,0,5,1,15,1,1,4,1,15,1,8,4,2,16,1,8,4,1717631500,4,4
27,1,1,12,1,2,0,4,1,31,1,1,7,1,33,1,1,7,1,32,1,1,7,1917631900,1,1
58,2,2,7,2,2,2,10,2,45,1,1,7,1,48,1,1,5,2,48,2,1,7,1717632400,4,4
59,2,1,4,1,1,1,3,2,57,1,1,6,1,63,1,1,6,2,58,1,1,5,1717632500,2,3
42,2,1,14,1,1,1,4,2,45,5,1,7,2,36,1,1,7,2,47,1,1,7,1717632700,3,4
35,2,1,5,3,1,2,3,2,35,1,1,7,2,36,1,1,5,2,36,1,1,5,1717633600,4,4
42,2,1,15,1,1,2,4,2,40,1,1,7,2,29,1,1,7,2,43,1,1,7,1717636000,4,4
44,1,2,15,1,1,2,5,1,45,1,1,7,1,45,1,1,7,1,45,1,1,6,1717636000,4,4
56,2,2,4,2,1,2,4,1,62,5,1,6,2,53,1,1,7,1,55,1,9,6,1717636100,4,4
49,1,1,5,1,4,0,15,1,42,1,1,4,2,40,3,2,5,1,45,1,1,4,1717638300,1,1
54,2,3,4,3,1,2,3,2,54,1,1,4,2,52,1,1,4,2,56,1,6,4,1717638400,4,4
27,2,1,14,1,2,0,5,2,27,1,1,6,2,31,1,1,7,2,29,1,1,7,1817645000,2,3
29,2,1,14,1,2,0,6,1,32,1,1,5,2,37,1,2,4,1,33,1,11,4,1717646000,2,2
27,2,1,14,1,2,0,4,2,27,1,1,6,1,28,1,2,5,2,30,1,15,5,1717646000,2,2
47,2,1,14,1,1,2,6,2,46,1,1,6,2,49,1,1,4,2,41,2,15,7,1717646100,4,4
16,1,1,4,3,2,0,10,1,16,1,1,4,1,16,1,8,4,1,16,1,8,4,1717646100,4,4
33,1,1,14,1,1,1,10,1,32,1,1,7,2,29,1,15,5,2,30,1,1,7,1717646200,3,4
32,2,1,9,1,1,1,10,2,39,1,1,6,2,40,1,15,7,1,32,1,1,7,1717646200,3,4
30,2,1,12,2,2,0,15,2,32,1,1,7,1,30,1,15,7,2,35,1,1,6,1717646300,1,1
32,1,1,7,1,2,0,6,1,32,1,1,6,2,32,1,1,7,1,32,1,1,6,2017646300,1,1
44,2,1,15,1,1,2,15,2,40,1,1,7,2,42,1,1,7,1,43,1,1,7,1717646800,4,4
29,1,1,9,1,2,0,3,1,30,1,1,4,2,30,1,2,4,1,31,1,15,6,1717650900,2,5
21,2,3,4,1,2,0,3,2,30,1,3,7,2,19,1,8,4,2,24,3,1,4,1816212300,5,7
59,2,2,4,3,1,1,3,2,59,1,1,4,2,61,1,9,3,2,60,1,15,4,1818701000,3,4
40,2,1,6,1,1,3,3,2,41,1,1,7,2,38,1,1,5,2,38,1,1,4,1818703100,5,4
37,1,1,15,1,2,0,3,1,36,5,1,7,1,37,1,1,7,1,35,1,1,7,2018703500,1,1
44,2,3,14,2,4,1,6,2,30,1,1,6,2,25,1,1,5,2,30,1,1,5,1818704700,2,5
40,2,1,4,3,1,4,3,2,36,3,1,4,2,34,3,15,4,2,44,1,15,4,1818706700,6,4
37,1,2,14,1,2,0,9,1,35,1,2,7,1,36,1,1,7,1,35,2,1,7,1818709600,3,4
53,2,1,5,1,5,2,10,2,46,1,1,6,1,50,1,1,2,2,50,1,1,6,1818711900,3,5
26,2,1,14,1,2,0,12,2,25,1,1,7,2,26,1,1,7,2,25,1,15,7,1818711900,3,5
24,2,1,12,1,2,0,20,2,30,1,1,7,2,25,1,1,6,1,25,1,1,6,1818711900,3,5
39,1,1,5,2,2,0,4,2,40,1,1,6,2,36,1,1,6,1,38,1,1,6,1818714100,4,4
24,1,1,13,2,2,0,10,1,32,1,2,5,2,33,1,15,7,1,24,1,1,5,1918715100,1,1
21,2,1,12,1,2,0,3,2,22,1,1,5,1,22,1,1,5,2,21,1,8,5,1818715100,3,4
43,2,1,15,1,1,1,3,2,42,1,1,7,2,42,1,1,7,2,42,1,1,7,1818716000,3,4
59,1,1,7,1,1,0,4,1,58,1,1,5,1,58,1,1,7,1,62,1,1,7,1818716100,2,3
51,2,3,14,1,1,0,3,2,47,3,3,7,2,53,1,6,5,2,56,1,1,5,1818716100,2,3
41,2,3,7,1,1,2,5,2,46,1,1,4,2,51,1,1,4,2,55,1,1,3,1818718600,4,4
16,2,3,4,3,2,0,12,2,17,1,1,2,2,16,1,8,2,2,17,1,8,2,1818718600,4,4
39,2,1,5,2,2,1,7,1,34,1,1,6,1,31,1,1,4,2,38,1,1,3,1818720900,2,5
29,2,3,9,1,2,0,3,1,35,1,1,4,2,40,1,1,4,2,30,3,1,4,1818722700,2,3
33,2,3,7,2,1,2,12,2,35,1,3,3,2,33,1,1,5,2,32,3,15,5,1818722800,4,4
51,2,1,14,1,3,2,16,2,50,1,1,7,2,50,1,1,7,1,49,1,1,6,1818722900,3,5
59,1,1,15,1,1,2,8,1,59,1,1,7,1,57,1,1,6,1,56,1,1,7,1818723300,2,3
49,2,1,5,1,1,3,15,2,46,1,1,6,2,37,1,1,7,2,40,1,1,4,1818727000,5,4
23,1,1,11,2,2,0,10,1,22,1,1,7,1,23,1,8,6,1,22,1,15,7,1818727000,5,4
41,1,1,7,1,2,2,20,1,36,1,1,7,1,36,1,1,6,1,40,1,1,6,1818728300,4,4
39,2,1,6,1,2,2,20,2,36,1,1,6,2,39,1,1,7,2,37,1,15,3,1818728300,4,4
48,2,1,14,1,4,1,3,2,44,1,1,6,2,54,1,2,7,2,48,1,6,7,1818729600,3,4
43,2,1,16,1,1,3,4,2,43,1,1,7,2,40,1,1,7,1,44,1,1,4,1818729700,5,4
32,2,1,14,1,2,2,5,1,34,1,1,7,2,37,1,1,6,2,27,3,2,5,1818738100,4,4
39,2,3,8,1,4,3,4,2,70,1,2,4,2,55,1,1,5,2,45,3,1,7,1818738600,6,4
34,2,1,6,1,3,1,4,1,35,1,1,6,2,50,1,1,6,2,35,1,1,5,1818739400,4,7
31,1,1,16,1,2,0,4,1,33,1,1,5,1,32,1,1,4,1,32,1,1,3,1818740300,2,3
40,1,1,14,1,1,0,4,1,40,1,1,7,1,40,1,1,7,1,40,1,15,6,1818741300,2,3
42,2,2,14,1,1,0,10,1,53,1,1,5,2,40,1,1,7,2,40,2,1,7,1818741300,2,3
59,1,1,14,1,1,2,6,1,58,1,1,4,1,53,1,1,4,1,53,1,6,4,1818741500,2,3
38,2,3,4,1,2,3,3,2,40,1,3,4,1,37,1,2,6,2,29,1,15,7,1818745700,3,3
32,1,2,15,1,2,0,5,1,32,1,2,7,1,33,1,1,6,2,34,2,1,7,1818745800,2,2
36,2,3,15,2,2,0,4,2,34,1,3,7,2,34,1,1,7,2,29,3,1,7,1818745800,2,2
50,2,1,5,3,4,2,4,1,51,1,2,7,1,53,1,1,2,2,60,1,7,4,1818750600,1,1
45,1,1,7,1,1,2,8,1,45,1,1,7,1,45,1,1,6,1,45,1,1,6,1818751800,4,4
43,1,1,8,1,4,2,3,1,39,1,1,4,1,44,1,1,2,2,39,1,2,4,1818752400,4,4
31,2,2,14,1,2,0,4,1,32,1,2,4,2,28,1,8,6,2,28,1,1,7,1818753200,2,3
31,1,2,15,1,2,0,5,2,30,1,2,7,1,31,1,15,6,1,32,2,1,6,1818753200,2,3
49,1,1,5,1,2,0,5,1,35,1,1,6,2,45,1,1,4,1,45,1,15,4,1818753400,2,5
59,1,1,7,3,1,2,3,1,60,1,1,5,1,60,1,1,5,1,59,1,1,5,1818754800,4,4
54,2,1,14,1,1,2,4,2,55,1,1,7,2,53,1,6,5,2,54,1,1,7,1818754800,4,4
16,2,1,4,3,2,0,5,2,15,1,1,4,2,15,1,8,4,2,15,1,8,4,1818754800,4,4
56,2,1,4,2,1,2,5,2,58,3,1,4,2,59,1,6,5,2,57,1,1,4,1818755600,3,4
24,2,1,12,3,2,0,3,2,24,1,1,5,2,24,1,8,5,2,24,1,8,5,1818755600,3,4
43,1,1,6,1,3,2,3,2,49,1,1,4,2,43,1,1,7,2,43,1,1,7,1818758800,3,6
43,1,1,14,1,1,1,4,1,42,1,1,6,2,63,5,7,4,2,38,3,6,3,1818759200,2,3
45,2,1,4,2,3,2,6,2,45,1,1,3,2,45,1,15,3,1,53,1,1,4,1918759400,2,3
38,2,1,5,1,2,2,4,2,38,5,1,4,1,39,5,1,4,1,40,1,1,4,1818759700,3,5
55,1,1,15,3,2,0,12,1,54,1,1,7,2,25,1,2,7,1,50,1,1,6,1818760600,1,1
49,1,2,4,2,1,2,4,1,48,1,1,4,1,37,1,1,5,1,33,1,1,4,1818766500,4,4
50,2,1,4,2,1,2,4,2,46,5,1,4,2,33,5,15,5,2,54,1,15,4,1818766500,4,4
36,1,3,15,1,2,0,6,1,37,1,1,5,1,36,1,1,7,1,36,1,1,7,1818771200,3,4
59,2,1,14,1,1,2,3,2,58,1,1,7,2,57,1,1,7,2,58,1,1,7,1818771500,2,3
32,2,1,15,1,2,0,4,2,34,1,1,7,2,30,1,2,7,2,31,1,1,7,1918771510,2,3
46,1,1,15,2,2,0,3,1,45,5,1,5,2,45,1,2,7,1,47,1,1,7,1918771510,2,3
27,1,3,15,1,1,0,5,1,27,1,3,7,1,35,1,1,7,2,31,3,8,7,1911091400,2,3
28,2,1,14,1,1,1,4,2,28,1,1,7,2,28,1,1,7,2,28,1,1,7,1911098100,3,4
28,2,1,14,1,2,0,5,1,31,1,1,7,2,27,1,1,6,2,25,1,1,5,1911140700,2,3
30,2,1,11,2,2,0,3,2,30,1,1,7,2,40,1,15,6,2,25,1,2,6,2011076700,2,3
32,1,1,14,1,2,0,3,1,31,1,1,7,2,31,1,1,7,1,31,1,1,7,2018713600,2,3
47,2,1,6,3,2,0,8,1,47,1,1,4,2,41,1,1,4,2,40,1,1,6,2020802300,1,1
37,1,1,5,1,1,2,3,1,44,1,1,4,1,39,1,1,7,1,37,1,1,4,2020804300,4,4
39,2,1,6,1,2,0,4,1,48,1,1,4,2,29,1,1,7,2,45,1,1,4,2020809500,3,4
40,1,1,5,1,2,3,3,1,40,1,1,5,1,33,3,1,5,1,40,2,1,4,2020810600,5,4
35,2,1,9,2,2,3,10,1,36,1,1,5,2,36,3,1,7,2,28,1,1,7,2020810600,5,4
47,2,1,7,3,1,2,3,2,44,1,1,4,1,37,1,1,5,2,44,1,6,6,2020811500,4,4
42,1,1,5,1,1,2,10,1,44,1,1,4,1,41,1,1,6,1,43,1,15,3,2020811500,4,4
41,2,1,8,1,1,2,3,2,41,1,1,7,2,39,1,2,7,2,38,1,6,3,2020813000,4,4
37,2,1,6,1,1,0,3,1,37,1,1,6,2,41,1,1,4,2,36,1,1,6,2020814200,2,3
41,1,1,5,1,1,0,5,1,50,1,1,4,1,43,1,1,4,1,45,1,15,6,2020814200,2,3
44,1,1,14,1,2,2,3,1,48,1,3,5,1,49,5,1,4,2,43,1,1,6,2020814900,5,4
19,2,1,11,3,2,0,3,2,18,1,1,5,2,18,1,1,4,2,21,3,8,5,2020814900,5,4
53,2,3,4,1,1,4,4,2,56,1,1,4,2,54,1,1,7,2,62,1,6,4,2020815400,3,4
19,1,3,4,3,2,0,4,1,20,1,1,5,2,19,1,8,5,1,19,1,8,5,2020815400,3,4
43,2,1,4,3,5,4,6,2,44,1,1,4,2,48,1,1,4,1,46,1,1,4,2020815700,6,4
25,2,1,7,1,2,0,10,2,25,1,1,7,2,24,1,8,6,2,24,1,15,7,2020815700,6,4
21,2,1,13,3,2,0,7,2,21,1,1,5,1,24,1,1,7,1,23,1,2,7,2020815700,6,4
26,2,3,7,1,2,0,7,2,26,1,3,4,2,30,1,1,5,2,31,3,1,5,2020816900,1,1
43,1,1,5,1,1,1,12,2,40,1,1,6,1,37,1,1,6,1,40,1,1,6,2020818300,3,4
58,1,1,5,1,1,3,10,1,50,1,1,7,1,55,1,1,7,1,53,1,1,3,2020824300,4,4
55,2,1,4,1,1,3,10,2,46,1,1,3,2,45,1,2,2,2,56,1,1,6,2020824300,4,4
31,2,1,14,1,2,0,12,2,32,1,1,7,2,32,1,1,7,1,35,1,1,6,2020824300,4,4
51,2,1,5,1,1,2,8,1,50,1,1,5,2,48,1,6,5,2,52,1,1,6,2020824400,3,4
42,2,1,6,1,4,2,3,2,39,1,3,5,2,45,1,2,4,2,43,1,15,6,2020826600,3,5
37,2,1,5,1,2,0,20,2,40,1,2,5,1,42,1,1,5,2,26,1,8,7,2120826900,1,1
47,2,1,14,1,4,2,4,2,56,1,2,6,2,45,1,1,7,1,58,1,1,7,2020827000,3,5
48,2,1,14,1,2,0,6,1,48,1,1,7,1,46,1,1,7,2,47,2,1,7,2020828700,2,2
59,1,1,4,3,2,0,15,1,59,1,1,3,1,70,1,7,3,1,60,1,15,3,2020829900,2,5
43,2,3,14,1,1,2,5,2,45,1,3,7,1,43,1,1,7,2,34,2,2,7,2020830600,4,4
42,1,1,14,1,1,2,5,1,41,1,1,7,2,49,1,1,7,2,39,1,2,7,2020830600,4,4
38,1,1,14,1,2,2,4,1,37,1,1,7,2,37,1,1,7,1,38,1,1,7,2020830700,4,4
39,2,1,14,1,2,2,5,2,38,1,1,7,2,32,1,2,7,2,39,1,2,7,2020830700,4,4
51,1,1,14,1,1,0,5,1,55,1,1,5,2,52,1,1,7,1,45,1,1,5,2020830900,2,3
19,1,1,11,1,2,0,8,1,18,1,1,5,1,19,1,8,5,1,19,1,8,6,2020832800,4,5
52,2,1,4,3,1,2,5,2,60,1,1,4,2,58,1,6,4,2,51,2,1,6,2020832900,5,7
58,2,1,7,3,1,3,6,2,60,1,1,4,2,67,1,7,7,2,64,1,6,3,2020833900,2,3
22,2,1,9,2,2,0,3,1,22,1,1,5,2,23,1,15,5,2,22,1,1,4,2020834000,6,4
43,1,1,5,1,2,0,3,1,45,1,1,7,2,36,1,1,4,1,45,1,1,5,2020834200,1,1
20,1,1,11,3,2,0,4,1,20,1,1,5,1,20,1,8,5,1,20,1,8,5,2020834500,3,4
57,1,1,16,1,1,0,6,2,40,1,1,7,1,53,1,1,7,1,56,1,1,7,2020834700,2,3
50,2,3,14,2,1,0,3,2,50,1,3,7,2,50,1,1,7,2,47,3,1,7,2020834700,2,3
57,2,1,15,1,1,2,9,2,57,1,1,7,2,57,1,1,7,2,59,2,1,7,2020841300,3,4
25,1,1,12,1,2,0,3,1,24,1,1,5,1,34,1,1,4,1,34,1,1,5,2020841300,3,4
42,1,1,5,1,1,2,5,1,46,1,1,4,1,43,1,1,6,1,42,1,1,7,2020841400,4,4
41,2,1,5,1,1,2,4,2,41,1,1,5,2,41,1,1,6,2,40,1,1,5,2020841400,4,4
49,2,3,5,1,2,0,3,1,47,1,2,3,2,78,1,7,3,2,37,3,1,5,2020841500,2,2
47,2,1,6,1,1,2,5,2,47,1,1,7,2,48,1,2,7,2,42,1,2,4,2020841800,4,4
34,2,1,12,1,2,1,4,2,33,1,1,7,2,33,1,1,7,2,32,1,1,5,2020842000,3,4
39,2,1,6,1,2,2,3,1,39,1,1,7,2,35,1,1,5,2,31,1,1,5,2020844100,3,5
37,2,1,15,2,1,2,15,2,40,1,1,7,2,36,1,15,6,2,36,1,1,7,2020844200,4,4
59,2,1,4,1,2,2,10,2,50,1,2,3,2,50,1,11,2,2,52,1,1,6,2020844600,2,3
50,2,1,6,1,1,2,8,2,58,3,1,6,2,52,1,15,6,1,53,1,1,4,2020844700,4,4
18,1,1,9,3,2,0,6,1,17,1,1,5,1,17,1,8,5,1,17,1,8,5,2020844700,4,4
41,2,1,4,1,1,1,10,2,40,1,1,2,2,39,1,1,6,2,35,1,2,6,2020844800,3,4
40,1,1,5,1,1,1,6,1,40,1,1,4,1,40,1,1,3,1,50,2,1,6,2020844800,3,4
51,1,1,15,1,1,1,10,2,45,1,1,7,2,45,1,1,7,1,50,1,1,7,2020844900,3,4
52,2,1,14,1,1,1,15,2,50,1,1,7,2,45,1,2,7,2,36,1,1,7,2020844900,3,4
41,2,1,14,1,1,2,12,2,40,1,1,6,2,36,1,1,6,1,40,1,1,6,2020845100,4,4
43,1,1,7,1,1,2,10,2,40,1,1,7,1,40,1,1,7,2,42,1,1,7,2020845100,4,4
44,2,1,5,1,1,2,6,2,40,1,1,7,1,43,1,1,6,1,43,1,1,6,2020845200,4,4
54,2,2,14,1,1,1,4,2,45,1,1,7,1,40,1,1,7,2,48,2,15,6,2020846000,3,4
57,1,1,15,1,1,1,3,1,58,1,1,7,2,45,1,1,7,1,60,3,1,7,2020846000,3,4
54,2,1,8,1,1,2,10,2,54,1,1,5,2,50,1,1,5,2,45,1,1,5,2020847000,3,4
54,1,1,4,2,1,2,4,1,54,1,1,5,1,46,1,1,5,1,54,2,1,4,2020847000,3,4
30,1,1,16,1,2,0,8,1,29,1,1,7,2,27,1,1,5,1,30,1,1,5,2020847000,3,4
49,2,1,8,1,2,2,4,2,48,1,1,5,1,51,1,1,6,1,44,1,1,6,2020852000,3,5
37,2,1,6,2,2,0,6,2,37,1,1,7,2,37,1,2,7,2,38,2,1,7,2020852800,3,4
48,2,1,15,1,1,2,5,1,42,1,3,7,1,50,1,1,7,2,43,1,1,7,2020853300,4,4
52,1,1,14,1,1,2,3,1,44,1,3,7,1,50,1,1,7,1,39,1,1,7,2020853300,4,4
16,2,1,9,3,2,0,3,1,15,1,1,4,2,16,1,8,4,2,13,3,8,4,2020853300,4,4
42,1,1,8,1,1,2,5,1,38,1,1,5,1,38,1,1,4,1,38,1,1,7,2020855900,4,4
34,2,1,15,1,1,2,5,1,34,1,1,5,2,34,1,1,7,2,39,1,1,7,2020855900,4,4
59,2,3,14,1,5,2,5,2,57,1,3,7,2,67,1,1,5,2,59,3,7,7,2020856600,2,5
49,2,1,15,1,2,1,4,1,76,2,2,6,2,70,2,7,4,2,47,1,1,5,2020856900,2,5
51,2,1,15,1,1,3,4,2,52,1,1,7,2,55,1,1,7,2,50,1,1,7,2020857500,5,4
43,2,1,15,1,1,2,10,2,36,1,1,5,2,43,5,1,6,1,44,1,1,7,2020857600,4,4
49,2,1,15,1,1,2,10,2,50,1,1,7,2,41,1,1,7,2,42,1,1,7,2020857700,4,4
42,2,1,5,1,1,1,3,2,41,1,1,7,2,31,1,1,6,2,39,1,1,7,2020858600,3,4
41,1,1,14,1,1,0,8,1,40,1,1,7,1,42,1,1,5,1,41,1,1,7,2020858600,3,4
16,1,1,9,3,2,0,4,1,16,1,1,4,1,17,1,8,4,2,16,1,8,4,2020858600,3,4
49,1,2,4,2,1,3,3,1,54,1,1,6,1,62,1,7,4,1,32,1,1,3,2020858700,6,7
25,2,1,9,2,2,1,3,2,23,1,2,6,2,24,1,15,4,2,22,1,1,5,2020858700,6,7
23,1,1,9,1,2,0,4,1,23,1,1,5,1,23,1,1,7,1,23,1,15,4,2020858700,6,7
20,2,1,9,1,2,0,3,2,24,1,1,4,1,22,1,15,6,2,23,1,15,3,2020858700,6,7
21,1,1,12,1,2,0,5,2,21,1,1,6,1,21,1,1,6,2,21,1,8,5,2020859100,3,4
57,1,1,14,1,1,2,5,1,58,1,1,7,2,50,1,1,7,2,45,1,1,7,2020859600,2,3
59,2,1,14,1,1,2,6,2,54,1,1,7,2,65,1,7,7,1,56,1,1,7,2020859600,2,3
51,2,1,15,1,1,1,12,2,50,1,1,5,1,52,1,1,7,2,45,2,6,4,2020859800,3,4
23,2,1,14,2,2,0,7,1,23,1,1,5,2,25,1,8,7,2,23,1,8,5,2020859900,3,4
57,2,1,14,1,1,3,6,2,55,1,1,7,2,40,1,1,6,2,55,2,1,7,2020860500,6,4
49,1,2,14,1,1,3,4,1,50,1,1,7,1,45,1,1,7,1,42,1,1,6,2020860500,6,4
48,2,1,4,1,1,3,4,2,51,1,1,4,2,43,1,15,6,2,40,1,1,6,2020861000,6,7
51,1,1,4,1,1,3,6,1,51,1,1,6,1,55,1,1,7,1,50,1,1,2,2020861000,6,7
26,1,1,9,2,2,0,20,1,26,1,1,4,2,18,1,8,4,1,26,1,1,4,2020861000,6,7
31,1,1,5,2,2,0,5,1,26,1,1,4,1,26,1,1,4,2,30,1,1,7,2020861000,6,7
36,2,1,5,1,1,3,20,2,36,1,3,5,2,34,1,1,4,1,33,1,1,3,2020861600,6,4
39,1,1,4,1,1,3,20,1,29,1,2,4,1,65,1,7,4,1,50,2,1,6,2020861600,6,4
39,2,2,5,2,3,1,7,2,40,1,3,7,1,51,1,2,7,2,28,1,2,6,2020861700,3,4
37,1,1,4,1,2,0,3,1,40,1,1,4,2,42,1,1,4,1,45,1,15,6,2020861900,3,5
